iti_code,iti_name,category,address,pincode,district_as_listed,district_current,state,phone,email,source_page
PR09001128,Achnera ITC - Agra,P,FARAH ROAD ACHNERA AGRA,,Agra,Agra,Uttar Pradesh,9412625639,itcachnera@gmail.com,56
PR09001805,"Adarsh Private ITI , Farah Road, Achnera, Agra",P,FARAH ROAD ACHNERA AGRA,,Agra,Agra,Uttar Pradesh,8273041367,adarshpiti@gmail.com,83
PR09001127,Agra Glory ITC - Agra,P,SIKANDRA AGRA,,Agra,Agra,Uttar Pradesh,9319123033,agragloryiti25@gmail.com,56
PR09000214,Agra ITC - Agra,P,DEFENCE COLONY SADAR BAZAR AGRA,,Agra,Agra,Uttar Pradesh,8909878106,jaindeepak00@gmail.com,11
PR09000082,Anand Industrial Training Centre Bawanpura Kiravali - Agra,P,Vill.-Bhawanpura Post- Kiraoli Distt.-Agra Pin,,Agra,Agra,Uttar Pradesh,9411964528,mcmanuiti@gmail.com,5
PR09001734,"B. K. Private ITI , Mitawali, Etmadpur - Agra",P,Mitawali Etmadpur Agra,,Agra,Agra,Uttar Pradesh,9837780780,bkpiti@gmail.com,80
PR09001317,B.S. ITC - Agra,P,Korai Fatehpur Sikri Agra,,Agra,Agra,Uttar Pradesh,9411923259,bsitcfatehpursikari@rediffmail.com,65
PR09000941,Baba Sahab Ambedkar ITC - Agra,P,NH-2 SIKANDRA AGRA,,Agra,Agra,Uttar Pradesh,9319912775,bdevbaghel@gmail.com,47
PR09000257,Baikunti Devi Mohan Lal ITC - Agra,P,ANJNI VIHAR COLONY KALINDI VIHAR NARICH AGRA-6,,Agra,Agra,Uttar Pradesh,9259385119,balajiajay786@gmail.com,13
PR09000386,Balaji Private ITI - Agra,P,BALAJI ITI ACHNERA ROAD KIRAVALI,,Agra,Agra,Uttar Pradesh,9414973482,alok30671@gmail.com,20
PR09000959,Bharat Private ITI - Agra,P,"BARHAN, ETMATHPUR, AGRA",,Agra,Agra,Uttar Pradesh,9412720297,atul.sharma0297@gmail.com,48
PR09001406,C.L.Memorial Private ITI - Agra,P,BAMROLI KATARA AGRA,,Agra,Agra,Uttar Pradesh,9411205537,surendrapal1983@gmail.com,70
PR09001524,Fine Arts Photography Training Institute - Agra,P,"1/63 Delhi Gate,Agra",,Agra,Agra,Uttar Pradesh,9219442002,kartik_goverdhan@yahoo.com,74
PR09001328,G.B. I T I D. D. ASHRAM NAGLA VISHNU AGRA - Agra,P,G.B.ITI D.D.Ashram Nagla Vishnu(AGRA),,Agra,Agra,Uttar Pradesh,9411045685,vikramsikarwar@gmail.com,66
PR09000973,Gayatri Private ITI - Agra,P,63A/82 Defince Coloney Agra,,Agra,Agra,Uttar Pradesh,9412652999,sshiv9911@gmail.com,48
PR09001316,Gyandeep ITC - Agra,P,Gyandeep ITC - Agra,,Agra,Agra,Uttar Pradesh,8923050604,gyandeepiti@gmail.com,65
PR09001321,Holy Mother Teresa ITC - Agra,P,38/8 G 1 IDAGH KATGHAR AGRA,,Agra,Agra,Uttar Pradesh,7520488049,holymotherteresa@gmail.com,65
PU09001819,"ILZA SIDDQE PRIVATE ITI TAJ GANJ ,AGRA",P,TAJ NAGARI PHASE-1 TAJ NAGARI AGRA,,Agra,Agra,Uttar Pradesh,8006199994,ilzasiddiquipiti@gmail.com,91
PR09001251,J.P Sharma ITC - Agra,P,VPO SARENDHI TEHSEEL KHERAGARH AGRA(U.P.),,Agra,Agra,Uttar Pradesh,9760360880,jpsharmaitc@rediffmail.com,61
PR09001394,Karan Singh Memorial Private ITI - Agra,P,"Jamalnagar,bhains Teh:Etmadpur Dis:Agra",,Agra,Agra,Uttar Pradesh,9319703870,karansinghmemorial.iti@gmail.com,69
PR09001393,Krishna Private ITC - Agra,P,Krishna Private ITC - Agra,,Agra,Agra,Uttar Pradesh,9024260484,mah.kumar.10@gmail.com,69
PR09000499,Lalchandra Bhagwandas Private ITI - Agra,P,SADAR BAZAR AGRA,,Agra,Agra,Uttar Pradesh,9557000562,lcbditi@gmail.com,26
PR09001764,"Maa Ananadmai Private ITI , Jajmau Railway Station, Saiya, Agra",P,"Maa Ananadmai Private ITI , Jajmau Railway Station",,Agra,Agra,Uttar Pradesh,8126966353,abhi.pathak4@gmail.com,81
PR09000323,Maa Peetambra Private ITI - Agra,P,NEAR NEW TEHSIL SAYAN ROAD KHERAGARH AGRA,,Agra,Agra,Uttar Pradesh,9982490211,mpiti1185@gmail.com,17
PR09000412,Maa Vaishno Private ITI - Agra,P,jagner tantpur,,Agra,Agra,Uttar Pradesh,8755126302,ctivinodkumar1@gmail.com,22
PR09001327,Mamta Presentation ITI - Agra,P,RADHA NAGAR TEDI BAGHIYA AGRA,,Agra,Agra,Uttar Pradesh,9258235960,mamtaiti6@gmail.com,66
PU09001828,"N.D. Private ITI , Naufari Shamsabad Road, Agra",P,"Naufari Shamsabad Road, Agra",,Agra,Agra,Uttar Pradesh,9536886305,ndpiti.principal@gmail.com,91
PR09000873,National ITC - Agra,P,village-gamari post- malpura,,Agra,Agra,Uttar Pradesh,8273000072,kk7500081234@gmail.com,43
PR09001729,"Netaji Subhash Chandra Bose Private ITI , NH-11 Fatehpur Sikari Road khera Bagh Kala, Keerawali - Ag",P,"NH-11 FATEHPUR SIKARI ROAD KHERA BAGH KALA, KIRAV",,Agra,Agra,Uttar Pradesh,05613290447,nscb61@yahoo.com,79
PR09000215,P.T. Ram Sahay ITI - Agra,P,kanchan pur Tapra Agra Cantt,,Agra,Agra,Uttar Pradesh,9412722332,manojscst22@gmail.com,11
PR09000878,Pooran Chand Sharma ITI - Agra,P,SEMRI ROAD SEWLA AGRA,,Agra,Agra,Uttar Pradesh,9410836683,pooranchand1174@gmail.com,44
PR09000231,Presentation ITC - Agra,P,"Sector 8, Avas Vikas Colony, Sikandra Yojna Agra",,Agra,Agra,Uttar Pradesh,9930344911,nirmlasingh180@gmail.com,12
PR09000055,Process & Product Development Centre I.T.C Foundry Nagar - Agra,P,"Process & Product Development Centre, Foundry Naga",,Agra,Agra,Uttar Pradesh,05622344006,info@ppdcagra.in,3
PR09000270,R.D. ITI - Agra,P,YAMUNA VIHAR KAMLA NAGAR AGRA,,Agra,Agra,Uttar Pradesh,9897801344,rditi@rediffmail.com,14
PU09001777,"Radha Krishna Private ITI , Mangorool Taj, Agra",P,"Radha Krishna Private ITI , Mangorool Taj, Agra",,Agra,Agra,Uttar Pradesh,9690334770,rjenndrasinghsolanki1122@gmail.com,90
PR09001346,Raghu Ram College ITC - Agra,P,Raghu Ram College ITC - Agra,,Agra,Agra,Uttar Pradesh,9410000445,solankiip@yahoo.in,67
PR09000311,Raja S.P.Singh Private ITI - Agra,P,15/162 B SORAN KATRA SHAHGANJ AGRA,,Agra,Agra,Uttar Pradesh,05622213630,arvindmca.82@gmail.com,16
PR09001302,S.G.R. ITC - Agra,P,VPO-JARUA KATRA AGRA,,Agra,Agra,Uttar Pradesh,9411828744,sgriti1130@gmail.com,64
PR09001858,"S.L.R. Private ITI , Barhan Atmadpur, Agra",P,"Barhan Atmadpur, Agra",,Agra,Agra,Uttar Pradesh,9720020020,singh_mohan56@yahoo.com,85
PR09001233,S.P. Upadhyay ITC - Agra,P,ROHTA GWALIOR ROAD AGRA,,Agra,Agra,Uttar Pradesh,9719097777,deepaktiwari26101990@gmail.com,61
PU09001836,"SANT RAMKRISHNA PRIVATE ITI ,BALKESHWAR ROAD,AGRA",P,Manoharpur Balkeshwar Road Agra,,Agra,Agra,Uttar Pradesh,9319721702,srkm050@gmail.com,92
PU09001835,"SMT REWATI DEVI PRIVATE ITI ,SIHRI ROAD ,AGRA",P,"KHASRA NO. 94,VILLAGE-SAHARA SARAY,AGRA- FATEHPURSI",,Agra,Agra,Uttar Pradesh,8755330444,sendtovikush@hotmail.com,92
PR09000665,Saraswati Private ITC - Agra,P,"TEHRA GATE, FATEHPUR SIKRI",,Agra,Agra,Uttar Pradesh,9917327075,ksingh8410@yahoo.com,34
PR09000316,Saraswati Private Industrial Training Institute - Agra,P,"Turakiya(Nehar), Achhnera, Agra",,Agra,Agra,Uttar Pradesh,09667325576,ksingh8410@yahoo.com,16
PR09001602,Saumya Adarsh ITI - Agra,P,NAVAMEEL BAMRAULI KATARA AGRA,,Agra,Agra,Uttar Pradesh,9758592395,cpsingh.1484@rediffmail.com,75
PR09001126,Shiv Raj Prakash ITC - Agra,P,"Sec 15b Sikandra, Agra",,Agra,Agra,Uttar Pradesh,9927068688,chaudharyr@gmail.com,56
PR09000730,Shri Bankebihari Private ITC - Agra,P,VPO-JONAI AGRA,,Agra,Agra,Uttar Pradesh,7500608711,mukeshverma171985@gmail.com,37
PR09000505,Shri Bhawani Singh Private ITC - Agra,P,BAGHEL COLONY TEDI BAGHIYA AGRA,,Agra,Agra,Uttar Pradesh,9286729475,pushpendrasingh064@gmail.com,26
PR09001260,Shri Mani Ram Singh Audhyogic Prakshikshan Kendra - Agra,P,VILL-AKBRA POST- ARTHONI SIKANDRA AGRA,,Agra,Agra,Uttar Pradesh,9917271816,ajeetyadavbsiti@gmail.com,62
PR09000263,Shri Ram Adarsh ITC - Agra,P,village panwari sikandra agra,,Agra,Agra,Uttar Pradesh,9837227146,sraiti@rediffmail.com,13
PR09001258,Shri Ram ITC - Agra,P,KARAHI FATEHPUR SIKRI AGRA,,Agra,Agra,Uttar Pradesh,9997658330,chaudharybablu55@yahoo.com,62
PR09001276,Shri Ram ITC - Agra,P,rahul nagra bodla agra,,Agra,Agra,Uttar Pradesh,9917344428,vikasbhardwaj291281@gmail.com,63
PR09000887,Shri Ram Krishna Women’s ITC - Agra,P,Nagla Ajita Agra,,Agra,Agra,Uttar Pradesh,9930344911,cshekharsaraswat@gmail.com,44
PR09000662,Shri Sarwan Singh Private ITC - Agra,P,Vill-Ata (Kheragarh) Agra,,Agra,Agra,Uttar Pradesh,8273581955,jaivijay121@gmail.com,34
PR09001312,Shri Udaibeer Singh ITC - Agra,P,Jonai Saiyan Agra,,Agra,Agra,Uttar Pradesh,7500608711,mukeshverma171985@gmail.com,65
PR09000422,Shri Vishwkarma Private ITI Amit nagar deori road agra - Agra,P,AMIT NAGAR DEORI ROAD AGRA,,Agra,Agra,Uttar Pradesh,9927080531,opsonikagra@gmail.com,22
PR09000674,"Shubham Private ITI , Karahi, Fatehpur Sikari, Agra",P,"NH-11, Karahi",,Agra,Agra,Uttar Pradesh,9929958748,ksingh8410@yahoo.com,35
PR09000693,Smt. Asharfi Devi Private ITI - Agra,P,VPO DURA THANA FATEHPUR SIKARI DIST AGRA UP PIN 28,,Agra,Agra,Uttar Pradesh,9760986456,balmukand94@gmail.com,36
PR09001417,Smt. Shakuntala Devi Private ITI - Agra,P,LADHUKHERA AGRA,,Agra,Agra,Uttar Pradesh,9410836683,shakuntladevi123@gmail.com,71
PU09001733,"Smt. Shyam Sundari Private ITI , Shant Kunj Colony, Nagla Ram Bal Yamuna Brij - Agra",P,SHANT KUNJ COLONY NAGLA RAMBAL YAMUNA BRIJ AGRA,,Agra,Agra,Uttar Pradesh,9412810399,shyamsundariiti@gmail.com,89
PR09001277,Smt. Sukhdevi ITC - Agra,P,chhalsar kuberpur AGRA,,Agra,Agra,Uttar Pradesh,9568055554,smtsukhdeviiti2010@gmail.com,63
PR09001297,Smt. Uttra Devi Sikarwar ITC - Agra,P,DEVI MANDIR KHERAGARH AGRA,,Agra,Agra,Uttar Pradesh,9058222120,raaj887@gmail.com,64
PR09001119,Sri Mahatma Duda Dhari Seth Jiwaram ITC - Agra,P,37/338ANAGLA PADI AGRA,,Agra,Agra,Uttar Pradesh,9412590376,smdditi@gmail.com,56
PU09001595,"St. Johns Technical Institute, Private ITI ,Hospital Road Rajendra Market Agra",P,"Hospital Road, Agra",,Agra,Agra,Uttar Pradesh,9837422323,sti2006@gmail.com,86
PR09000394,T. N. P. S. Private ITC - Agra,P,"T.N.P.S I.T.I Garhi Bhandar,Barhan,Agra",,Agra,Agra,Uttar Pradesh,9319945566,saurabh.tnpsgroup@yahoo.com,21
PU09001726,U.P. TECHNICAL PRIVATE ITI - Agra,P,"1598, Raibha Dhanoli Marg, Raibha Agra",,Agra,Agra,Uttar Pradesh,7520287479,uptechnicalcollege@gmail.com,89
PU09001604,Yaugantri ITC - Agra,P,DHANOLI AGRA,,Agra,Agra,Uttar Pradesh,9897533462,skc3833@gmail.com,86
PR09000962,Yugantri Private ITI - Agra,P,SANIK VIHAR DEVROTHA AGRA,,Agra,Agra,Uttar Pradesh,9897533462,skc3833@gmail.com,48
PR09001431,A. S. Private ITC - Aligarh,P,"Bhankri- Khas,Aligarh to Delhi G.T.Road, Aligarh",,Aligarh,Aligarh,Uttar Pradesh,9997771553,asiti47@rediffmail.com,71
PR09001104,Aligarh ITC - Aligarh,P,KOTHI LALA RUKH DODHPUR ALIGARH,,Aligarh,Aligarh,Uttar Pradesh,9012222000,piti1105@updte.org,55
PU09001760,"Ambesh Private ITI , Barola Bye Pass, Aligarh",P,"Barola Bye Pass Road, Aligarh, U.P.",,Aligarh,Aligarh,Uttar Pradesh,9997771553,shivamover@rediffmail.com,90
PR09000038,Ammar Fatma Industrial Training Centre Dodhpur - Aligarh,P,KOTHI LALA RUKH DODHPUR ALIGARH,,Aligarh,Aligarh,Uttar Pradesh,9412275709,piti1020@updte.org,2
PR09001254,Applied ITC Gomat (Aligarh) - Aligarh,P,"NAUJHEEL BAJNA ROAD, GOMAT",,Aligarh,Aligarh,Uttar Pradesh,9837503503,appitc1119@gmail.com,62
PR09000070,Bhavna Singh Industrial Training Centre Rajiv Nagar - Aligarh,P,QUARSI BY PASS RAJEEV NAGAR ALIGARH,,Aligarh,Aligarh,Uttar Pradesh,8958369486,vivek.singh2606@gmail.com,4
PR09000126,Chandrawati Industrial Training Centre Khair - Aligarh,P,Somna Bye Pass Khair Aligarh,,Aligarh,Aligarh,Uttar Pradesh,8445903250,cwpiti@gmail.com,7
PR09000424,Dr. Rathi Private ITC - Aligarh,P,"HIG-6 Vikas nagar , Agra road Aligarh",,Aligarh,Aligarh,Uttar Pradesh,9411880025,rathimedicaliti@gmail.com,22
PR09001259,Gaurav ITC - Aligarh,P,SINGH VIHAR NADHA KHAIR ROAD ALIGARH,,Aligarh,Aligarh,Uttar Pradesh,9045473892,gauraviti1121@gmail.com,62
PR09001446,Gyan Private ITI - Aligarh,P,"AGRA ROAD,ALIGARH",,Aligarh,Aligarh,Uttar Pradesh,09837022818,gyanitc@hotmail.com,72
PR09000522,Isha Devi Memorial Private ITI - Aligarh,P,Aligarh Palwal Road Khair Aligarh,,Aligarh,Aligarh,Uttar Pradesh,9568346423,sandychauhan787@gmail.com,27
PR09001250,K. K. Private ITC - Aligarh,P,kkiti goolar road aligarh,,Aligarh,Aligarh,Uttar Pradesh,9319478989,kk.itialigarh@gmail.com,61
PR09001509,Khair ITC (Aligarh),P,"aligarh palwal road, khair",,Aligarh,Aligarh,Uttar Pradesh,9758202698,kitc@rediffmail.com,73
PR09000535,Khema Private ITC - Aligarh,P,Durgapur Jattari Aligarh,,Aligarh,Aligarh,Uttar Pradesh,1680,khemaiti@gmail.com,28
PR09000106,M.D Nagla Murari Sarsaul Industrial Training Centre - Aligarh,P,NAGLA MURARI FALMANDI SARSOL ALIGARH,,Aligarh,Aligarh,Uttar Pradesh,9927151353,rksharma101@gmail.com,6
PR09001658,MINI I.T.I R.V.I.C. Private ITI - Aligarh,P,Aligarh Palwal Road Khair Aligarh,,Aligarh,Aligarh,Uttar Pradesh,9568346423,umeshsharma.g900@gmail.com,77
PR09000304,Maa Shish Kali (P) ITI ALAMPUR ALIGARH - Aligarh,P,Alampur Fatehpur Aligarh,,Aligarh,Aligarh,Uttar Pradesh,9720034847,mskiti1177@gmail.com,15
PR09001781,"Maya Deep Private ITI , Raipur Dalpatpur, Atrauli, Aligarh",P,"Raipur Dalpatpur, Ramghat Road, Atrauli",,Aligarh,Aligarh,Uttar Pradesh,9927082021,mditm.atrauli@gmail.com,82
PR09000104,National Industrial Training Centre - Aligarh,P,"190, Avas Vikaas Colony G.T.Road Aligarh",,Aligarh,Aligarh,Uttar Pradesh,9837020759,nitc.aligarh@gmail.com,6
PR09000684,National Private ITC - Aligarh,P,Atrauli Aliharh,,Aligarh,Aligarh,Uttar Pradesh,818191893042,khushikhan077@gmail.com,35
PR09000099,Neelgiri Industrial Training Centre Ghanterbagh - Aligarh,P,mathura road aligarh,,Aligarh,Aligarh,Uttar Pradesh,8923935161,neelgiri0571@gmail.com,6
PR09001508,S C Sharma Industrial Training Institute - Aligarh,P,Aligarh Palwal Road Khair Aligarh,,Aligarh,Aligarh,Uttar Pradesh,9568346423,jagvir1967@gmail.com,73
PR09001286,S.S.Academy of ITI Education - Aligarh,P,"DHANIPUR MANDI , ALIGARH",,Aligarh,Aligarh,Uttar Pradesh,09412455650,ssacademy.iti@gmail.com,63
PR09000400,Sai Private ITI - Aligarh,P,SAI ITI SARSOL ALIGARH,,Aligarh,Aligarh,Uttar Pradesh,9412878058,kumarnavin950@gmail.com,21
PR09000300,Sh. Shyam Lal Singh Private ITI - Aligarh,P,VILL BISORA POST ALAMPUR FATEHPUR ALIGARH,,Aligarh,Aligarh,Uttar Pradesh,9759366147,veereshsingh007@gmail.com,15
PR09001267,Shri Kumar Sen Sharma ITC - Aligarh,P,VILLAGE AND POST HARDOI DISTRICT ALIGARH,,Aligarh,Aligarh,Uttar Pradesh,9758220341,kumarsensharma@gmail.com,62
PR09000129,Smt Laxmi Devi Industrial Training Centre Iglas Aligarh - Aligarh,P,iglash aligarh,,Aligarh,Aligarh,Uttar Pradesh,9719431441,shrikrishna517@gmal.com,7
PR09000301,Smt. Kalawati Private ITC - Aligarh,P,Jattari Khair Aligarh,,Aligarh,Aligarh,Uttar Pradesh,8532020600,kalavatiitc@gmail.com,15
PR09000105,Vijay Mahavidhyalay Private ITC - Aligarh,P,hariram pur eglash,,Aligarh,Aligarh,Uttar Pradesh,9045604408,anil_coolnspy@rediffmail.com,6
PR09001359,Akanchaa SmirITC Audyogik Prashikshan Kender - Ambedkar Nagar,P,ARIVPUR ALAPUR AMBEDKAR NAGAR,,Ambedkar Nagar,Ambedkar Nagar,Uttar Pradesh,9455303207,hiralalsharma295@gmail.com,67
PR09000310,Apex Private ITC - Ambedkar Nagar,P,Vill and Post-Alampur Gomanpur Thana Sammanpur Dis,,Ambedkar Nagar,Ambedkar Nagar,Uttar Pradesh,9450216327,piti1343@gmail.com,16
PR09000330,Asharfi Private ITC - Ambedkar Nagar,P,vill-bardha bhiura.post- songaon.ambedkar nagar.,,Ambedkar Nagar,Ambedkar Nagar,Uttar Pradesh,9721526261,meeraverma2010@gmail.com,17
PR09001088,Baba Rajkaran Private ITI - Ambedkar Nagar,P,"Sang Nagar,Bharthu,post- Fattepur Belabag,Ambedkar",,Ambedkar Nagar,Ambedkar Nagar,Uttar Pradesh,9795489127,piti1334@gmail.com,54
PR09001078,Babu Ram Private ITC - Ambedkar Nagar,P,VILL $ POST- SONGAON TEHSIL- AKBARPUR DISTRICT AMB,,Ambedkar Nagar,Ambedkar Nagar,Uttar Pradesh,9839555233,pitiakb1333@gmail.com,54
PR09001719,Bhawani Prashad Shingh Janta Private ITC - Ambedkar Nagar,P,VILL & POST SEHRA JALALPUR BHITI AMBEDKAR NAGAR UP,,Ambedkar Nagar,Ambedkar Nagar,Uttar Pradesh,9415460194,tamsa_vinod@rediffmail.com,79
PR09001060,Bright Sughra Devi Private ITC - Ambedkar Nagar,P,mijhaura ambedkarnagar,,Ambedkar Nagar,Ambedkar Nagar,Uttar Pradesh,9839883496,www.piti1332@vppup.in,53
PR09001132,Chandra Private ITC - Ambedkar Nagar,P,DHAURAHARA SINJHAULI AMBEDKAR NAGAR UP,,Ambedkar Nagar,Ambedkar Nagar,Uttar Pradesh,9450783237,omt1195@gmail.com,56
PR09001403,Chandra Private ITC - Ambedkar Nagar,P,MEERANPUR BABHANPURA ILTIFATGANJ TANDA AMBEDKAR NA,,Ambedkar Nagar,Ambedkar Nagar,Uttar Pradesh,09455324335,indresh.nec@gmail.com,70
PR09000332,Dr. B.R.Ambedkar Private ITC - Ambedkar Nagar,P,132 kv sum staion hydil tanda ambedkar nagar,,Ambedkar Nagar,Ambedkar Nagar,Uttar Pradesh,9565688080,piti1347@updte.org.in,17
PR09000616,E.C.I. Private ITC - Ambedkar Nagar,P,98 Meeranpur Akbarpur Ambedkarnagar,,Ambedkar Nagar,Ambedkar Nagar,Uttar Pradesh,9450764411,rksrivastava24@gmail.com,31
PR09000530,Ganesh Private ITC - Ambedkar Nagar,P,AROPUR RAMNAGAR AMBEDKAR NAGAR,,Ambedkar Nagar,Ambedkar Nagar,Uttar Pradesh,9450010163,piti1990@updte.org,28
PR09000356,HariLal Yadav Smarak ITC - Ambedkar Nagar,P,VILL BAHRAM PUR POST RAM NAGAR DISTT AMBEDKAR NAGA,,Ambedkar Nagar,Ambedkar Nagar,Uttar Pradesh,9415837258,ybudhiram@yahoo.com,18
PR09001210,Hazi Abdullah ITC - Ambedkar Nagar,P,SULTANPUR KABIRPUR BASKHARI AMBEDKAR NAGAR UP,,Ambedkar Nagar,Ambedkar Nagar,Uttar Pradesh,94157218881,piti1253abn@gmail.com,60
PR09001223,K.B.R ITC - Ambedkar Nagar,P,K.B.R ITC - Ambedkar Nagar,,Ambedkar Nagar,Ambedkar Nagar,Uttar Pradesh,8004537327,piti1257@updte.org,60
PR09000489,K.P. Private ITC - Ambedkar Nagar,P,Utrehu Ambedkar Nagar,,Ambedkar Nagar,Ambedkar Nagar,Uttar Pradesh,9532222720,kpiti1989@gmail.com,26
PR09001199,Kamla Devi Memorial Vocational Training Institute - Ambedkar Nagar,P,"BARUA JALNKI, TANDA AMBEDKAR NAGAR",,Ambedkar Nagar,Ambedkar Nagar,Uttar Pradesh,9935499649,kditi2009@gmail.com,59
PR09000658,Late Kanhaiyalal Prajapati Private ITC - Ambedkar Nagar,P,"RAMCHANPUR,BARIYA WAN,AMBEDKAR NAGAR",,Ambedkar Nagar,Ambedkar Nagar,Uttar Pradesh,9453468315,indreshtech03@rediffmail.com,34
PU09001801,"Late. Vishambhar Verma Private ITI , Guwan Palipati Ambedkar Nagar Tanda, Ambedkar Nagar",P,GUWAN PALIPATI AMBEDKAR NAGAR,,Ambedkar Nagar,Ambedkar Nagar,Uttar Pradesh,8127455622,vvpvtiti@gmail.com,91
PR09000722,Maa Kamla Pvt ITI - Ambedkar Nagar,P,MAA KAMLA PVT ITI DHAKHA MEDNIPUR AMBEDKARNAGAR,,Ambedkar Nagar,Ambedkar Nagar,Uttar Pradesh,9452172857,ashvanijlp@gmail.com,37
PR09000294,New Akansha SmirITC Private ITC - Ambedkar Nagar,P,MUNDEHRA BANDIPUR AMBEDKAR NAGAR,,Ambedkar Nagar,Ambedkar Nagar,Uttar Pradesh,9455303207,piti1341@gmail.com,15
PR09001437,"Om Sai Private ITC, - Ambedkar Nagar",P,HAKIMJOT UTRETHU AMBEDKAR NAGAR,,Ambedkar Nagar,Ambedkar Nagar,Uttar Pradesh,9454893553,verma.vikash84@gmail.com,72
PR09001609,Pandit S.D Pandey ITC - Ambedkar Nagar,P,JAMUNIPUR JAGDISHPUR AMBEDKAR NAGAR UP,,Ambedkar Nagar,Ambedkar Nagar,Uttar Pradesh,9451730576,ankur_0008@rediffmail.com,75
PR09000958,Pt Mahaveer Prasad Private ITC - Ambedkar Nagar,P,Vill Post Hajpura,,Ambedkar Nagar,Ambedkar Nagar,Uttar Pradesh,9415921213,hirday320@gmail.com,48
PR09001035,Pt. Ram Nayan Tripathi Private ITC - Ambedkar Nagar,P,Newtariya Akbarpur Ambedkarnagar UP,,Ambedkar Nagar,Ambedkar Nagar,Uttar Pradesh,9454524225,amitkumartripathi9454524225@gmail.com,52
PR09000793,Ram Piyare Singh Industrial Training Centre - Ambedkar Nagar,P,MAHARUA GOLA AMBEDKAR NAGAR,,Ambedkar Nagar,Ambedkar Nagar,Uttar Pradesh,9450213199,piti1211abn@gmail.com,40
PR09000440,Ram Shabd Humela Devi Smarak Private ITC - Ambedkar Nagar,P,"HATHINALALA, MADARMAU DISTRICT- AMBEDKAR NAGAR",,Ambedkar Nagar,Ambedkar Nagar,Uttar Pradesh,9415740800,ypoonam181@gmail.com,23
PR09001338,"SRIMATI SHYAMA DEVI Private ITC, Ambedkar Nagar - Ambedkar Nagar",P,"vill-siswan,post-rampur sakarwari,tah- akbarpur,dis",,Ambedkar Nagar,Ambedkar Nagar,Uttar Pradesh,9473862211,awnish.upadhyay@yahoo.com,66
PR09000430,Shakti Private ITC - Ambedkar Nagar,P,BEWANA AMBEDKAR NAGAR,,Ambedkar Nagar,Ambedkar Nagar,Uttar Pradesh,8808043405,shaktiss3700@gmail.com,23
PR09001452,Shri Ram Private ITC - Ambedkar Nagar,P,ACHHTI BLOCK RAM NAGAR AMBEDKAR NAGAR,,Ambedkar Nagar,Ambedkar Nagar,Uttar Pradesh,9918227746,devishuseela98@gmail.com,73
PR09001314,Smt. Kamla Devi Audyogik Prashikshan kender - Ambedkar Nagar,P,Paikauli bazar ambedkarnagar 224149,224149,Ambedkar Nagar,Ambedkar Nagar,Uttar Pradesh,9454770154,smtkditicode1268@gmail.com,65
PR09000401,Sri Jang Bahadur Singh Private ITC - Ambedkar Nagar,P,maharua gola ambedkar nagar u.p.,,Ambedkar Nagar,Ambedkar Nagar,Uttar Pradesh,9919042104,aishwaryaanandpandey@gmail.com,21
PR09001041,Tribhuwan Private ITC - Ambedkar Nagar,P,village gopalpur post ahirauli ambedkarnagar,,Ambedkar Nagar,Ambedkar Nagar,Uttar Pradesh,9454846262,piti1327@gmail.com,52
PR09001029,Trilokinath Ramnarayan Private ITC - Ambedkar Nagar,P,VILL-SHAHPUR MANIYARI PATII POST- ASGAWAN THANA-BHI,,Ambedkar Nagar,Ambedkar Nagar,Uttar Pradesh,9458758015,piti1323amd@gmail.com,51
PR09001139,"WITS Pvt. I.T.I., Ambedkar Nagar, [PITI ] - Ambedkar Nagar",P,PATEL NAGAR TANDA ROAD AKBARPUR AMBEDKAR NAGAR,,Ambedkar Nagar,Ambedkar Nagar,Uttar Pradesh,9415169030,witsabn@gmail.com,57
PU09001666,DBSITEM Pvt. ITC - Amethi,P,"Nasratpur, Tiloi Amethi",,Amethi,Amethi,Uttar Pradesh,9450925201,dbsititiloi@gmail.com,88
PR09001610,Devi Prasad Singh ITC [ ] - Amethi,P,ramganj amethi,,Amethi,Amethi,Uttar Pradesh,05368233032,info@dpsamethi.com,75
PR09000540,Integral Private ITC - Amethi,P,LORIKPUR JAMON AMETHI UP,,Amethi,Amethi,Uttar Pradesh,9415610931,drvpdubey@gmail.com,28
PR09000409,Jagdish pur Private ITC - Amethi,P,"AJIT NAGAR,SHUKUL BAZAR,DISTT-AMETHI",,Amethi,Amethi,Uttar Pradesh,9918106219,piti2351@gmail.com,21
PR09001450,NCVETA Private ITI - Amethi,P,gajipur bhadar amethi up,,Amethi,Amethi,Uttar Pradesh,9005469328,ncvetaprivateiti2040@gmail.com,72
PR09000622,Pratap Private ITI - Amethi,P,NEAR A.R.O. EBRAHIMPUR ROAD AMETHI,,Amethi,Amethi,Uttar Pradesh,8601012035,piti2041@gmail.com,32
PR09000265,Rajiv Gandhi Pvt.ITI - Amethi,P,"Gauriganj Road, Paliya Purab Musafirkhana Amethi (",,Amethi,Amethi,Uttar Pradesh,9415156259,datafile624@gmail.com,13
PR09000985,Sankat Mochan Private ITC - Amethi,P,GAURA JAMON AMETHI,,Amethi,Amethi,Uttar Pradesh,9889467618,piti1311amethi@gmail.com,49
PR09001678,Shivmahesh Private ITC - Amethi,P,MANDAKHA GAURIGANJ AMETHI,,Amethi,Amethi,Uttar Pradesh,9453769220,smssgnj@gmail.com,77
PR09001092,Shree Beni Madhav Audhyogik Prshishan Kendra Gauriganj - Amethi,P,gauriganj,,Amethi,Amethi,Uttar Pradesh,9454268221,piti1242@gmail.com,55
PR09000976,Shri Radhey Shyam Singh Private ITC - Amethi,P,DADRA MUSAFIRKHANA AMETHI,,Amethi,Amethi,Uttar Pradesh,9695479075,piti1307@gmail.com,49
PR09000420,Thakur Ajit Vijay Singh Private ITC - Amethi,P,"AJIT NAGAR,SHUKUL BAZAR DISTT-AMETHI",,Amethi,Amethi,Uttar Pradesh,9918106219,piti1313amethi@gmail.com,22
PR09000337,sparsh Private ITC - Amethi,P,"Sakara Ram Nagar, Amethi",,Amethi,Amethi,Uttar Pradesh,9839233333,sparshiti@gmail.com,17
PR09000352,Ali Mobeen Memorial Private ITC - J.P.Nagar (Amroha),P,"MOHALLA BAGLA, AMROHA",,Jyotiba Phule Nagar,Amroha,Uttar Pradesh,9410071882,ngvs2008@gmail.com,18
PR09000475,D. S. M. Private ITC - J.P.Nagar (Amroha),P,"VILL-AFZALPUR LOOT,POST- KAURALA,AMROHA",,Jyotiba Phule Nagar,Amroha,Uttar Pradesh,9639076750,parvendrasingh053@gmail.com,25
PR09000309,Hind Private ITC - J.P.Nagar (Amroha),P,"UMARPUR, KESHOPUR, KAILSA ROAD, AMROHA",,Jyotiba Phule Nagar,Amroha,Uttar Pradesh,9457809337,kozone@rediffmail.com,16
PR09001072,Mother Teresa Private ITC - J.P.Nagar (Amroha),P,"MILAK MAHMOODPUR, POST- KORAL ,TEHSIL- DHANAURA, D",,Jyotiba Phule Nagar,Amroha,Uttar Pradesh,9457933488,rinkuchouhan1172@gmail.com,54
PR09000590,N.H.M. Industrial Training Centre - J.P.Nagar (Amroha),P,MOH-CHAHMULLA AMAN,,Jyotiba Phule Nagar,Amroha,Uttar Pradesh,8923574757,nhmiti1007@rediffmail.com,30
PR09000179,"NEW VIDYA BHARTI I.T.I., GAJROULA (DISTT- J.P.NAGAR) [INS.CODE: ]",P,"UPSIDC, Near Telephone Exchange, Gajraula",,Jyotiba Phule Nagar,Amroha,Uttar Pradesh,9639018513,bstomar58@gmail.com,9
PR09000866,Narayani Swaroop Daya ITC - J.P.Nagar (Amroha),P,"Vill.Narangpur,Joya Distt-Amroha",,Jyotiba Phule Nagar,Amroha,Uttar Pradesh,9415474254,daya09121948@gmail.com,43
PR09000334,Rashtriya private ITC - J.P.Nagar (Amroha),P,Vill. Dehra Chak po. Chuchelakalan,,Jyotiba Phule Nagar,Amroha,Uttar Pradesh,9557047551,ritijpn@gmail.com,17
PR09000683,Sanskar Private ITC - J.P.Nagar (Amroha),P,AMROHA ROAD HASANPUR,,Jyotiba Phule Nagar,Amroha,Uttar Pradesh,9927728737,sanskarpvtiti@yahoo.in,35
PR09001504,Shohrat ITC - J.P.Nagar (Amroha),P,"NAUGAWAN AMROHA ROAD, NAUGAWAN SADAT DISTT AMROHA",,Jyotiba Phule Nagar,Amroha,Uttar Pradesh,9719562211,shohratiti@gmail.com,73
PU09000014,"VIDYA BHARTI I.T.I., GAJROULA (Distt. J.P.NAGAR) [INS. CODE: ]",P,F-12 UPSIDC Industrial Area Gajroula Amroha UP,,Jyotiba Phule Nagar,Amroha,Uttar Pradesh,01222301122,itigajroula@yahoo.com,86
PU09001613,Auraiya Private ITC - Auraiya,P,brahm nagar auraiya,,Auraiya,Auraiya,Uttar Pradesh,9639065697,kapilbajpai1985@gmail.com,86
PR09001752,"Sairam Private ITI ,Bamuripur Aurraiya",P,GATA NO - 271 VILL - BIRIYA POST - BAMURIPUR DIST,,Auraiya,Auraiya,Uttar Pradesh,9720431540,sairamitiauraiya@gmail.com,81
PR09001362,Anuradha Private ITC - Faizabad,P,JAGDISHPUR GOPALPUR FAIZABAD,,Faizabad,Ayodhya,Uttar Pradesh,9648971123,amitsingh4407@gmail.com,67
PR09000825,Awadh Kishan ITC - Faizabad,P,Awadh Kishan ITC - Faizabad,,Faizabad,Ayodhya,Uttar Pradesh,8004503260,awadhkisanitc1281@gmail.com,41
PR09001299,Bhanumati ITC - Faizabad,P,naipura bharatkund faizabad,,Faizabad,Ayodhya,Uttar Pradesh,9956050477,bhanumatibhanumatiiti3@gmail.com,64
PR09001234,Ch. Charan Singh ITC - Faizabad,P,MAHOLI SOHAWAL FAIZABAD,,Faizabad,Ayodhya,Uttar Pradesh,9889640690,sarveshsingh1313@gmail.com,61
PR09000908,Chintamani Smark ITC - Faizabad,P,BERUGANJ HATHIGO FAIZABAD,,Faizabad,Ayodhya,Uttar Pradesh,8808043405,rohitkumar.732@rediffmail.com,45
PR09000596,Deen Dayal Private ITC - Faizabad,P,BAKARGANJ FAIZABAD,,Faizabad,Ayodhya,Uttar Pradesh,9415039949,deendayalitifzd@gmail.com,30
PR09001699,"Deva Private ITC, - Faizabad",P,VILL USRU AMAUNA POST KADIPUR BARUN FAIZABAD,,Faizabad,Ayodhya,Uttar Pradesh,9415140124,devaitc2012@yahoo.com,78
PR09001358,Dr. Badami Harihar ITC - Faizabad,P,87/55 SHARDA PURAM COLONY POORE HUSAIN KHAN FAIZAB,,Faizabad,Ayodhya,Uttar Pradesh,9415716701,amitsingh4407@gmail.com,67
PR09000435,Er. Ramsagar Rajpati Private ITC - Faizabad,P,masodha Faizabad,,Faizabad,Ayodhya,Uttar Pradesh,9415715460,ramsagaritimasodha@gmail.com,23
PR09000479,Faizabad Private ITC - Faizabad,P,DURGAPURI COLONY JANAURA FAIZABAD,,Faizabad,Ayodhya,Uttar Pradesh,9415048429,atuls6162@gmail.com,25
PU09001852,"GAZI SARKAR PRIVATE ITI ALLAHABAD ROAD, FAIZABAD",P,NEAR Dr. rml avadh uni. allahabad road Faizabad,,Faizabad,Ayodhya,Uttar Pradesh,8604502226,gcitifzd@gmail.com,92
PR09001014,Goshwami Dukhu Baba Private ITC - Faizabad,P,"vill&post-aaga ganj tikari,",,Faizabad,Ayodhya,Uttar Pradesh,9452010494,gdbcmp88@gmail.com,51
PR09000521,Gramodaya Private ITC - Faizabad,P,RAMPUR SARDHA FAIZABAD,,Faizabad,Ayodhya,Uttar Pradesh,9336611948,sandeepfaizabad1978@gmail.com,27
PR09001256,Gyan ITC - Faizabad,P,MEERPUR KANTE DISTT FAIZABAD,,Faizabad,Ayodhya,Uttar Pradesh,9838310111,meetrishu2007@gmail.com,62
PR09000951,H.L. ITC - Faizabad,P,"VILL-RAMPUR AHIRAULI, POST- BENI GADDOUPUR, DIST-",,Faizabad,Ayodhya,Uttar Pradesh,9450170055,manejer@hliti.com,47
PR09001361,Humaida Private ITC - Faizabad,P,"Vill-Sheikhpur Jafar, Post-Raunahi, Tehsil- Sohawal",,Faizabad,Ayodhya,Uttar Pradesh,9453075085,faiz_education@yahoo.com,67
PR09000402,Janak Dulari Private ITC - Faizabad,P,BARANV RAMPUR BHAGAN FAIZABAD,,Faizabad,Ayodhya,Uttar Pradesh,9473801286,rajkmr228@gmail.com,21
PR09000625,Janaklali Private ITC - Faizabad,P,PURE JIGNA MISHRA LAKHAURI FAIZABAD,,Faizabad,Ayodhya,Uttar Pradesh,9454917880,janaklaliitc@yahoo.com,32
PR09001009,Jaspata Devi Private ITC - Faizabad,P,KADIPUR BARUN BAZAR FAIZABAD,,Faizabad,Ayodhya,Uttar Pradesh,9235563206,jaspataitc@gmail.com,50
PR09000351,Jasraj Private ITC - Faizabad,P,"Jaisraj ITI Pathakpur,Asifbagh,Dar shannager Faizab",,Faizabad,Ayodhya,Uttar Pradesh,9450168231,skv_2013@rediffmail.com,18
PR09001608,Jaya Nand ITC - Faizabad,P,CHAURE CHANDAULI CHAURE BAZAR BIAKPUR FAIZABAD PIN,,Faizabad,Ayodhya,Uttar Pradesh,9451732216,drmanojyadav1976@gmail.com,75
PR09000518,Jhunjhunwala Pvt. ITC - Faizabad,P,DWARIKAPURI HANSAPUR FAIZABAD,,Faizabad,Ayodhya,Uttar Pradesh,9235620770,directorjec@gmail.com,27
PR09000399,Jugunu Singh Private ITC - Faizabad,P,Vill.post-pura bajar,,Faizabad,Ayodhya,Uttar Pradesh,7275679327,jugunusinghiti@gmail.com,21
PR09000467,Karma Private ITI - Faizabad,P,SAMDA AMSIN GOSHAINGANJ FAIZABAD UP 224 141,,Faizabad,Ayodhya,Uttar Pradesh,9412466931,karmaitisamda@gmail.com,25
PR09001830,"Kaushailya Devi Smarak Private ITI ,Ram Nagar Amawa Sufi, Faizabad",P,RAM NAGAR AMAWA SUFI FAIZABAD,,Faizabad,Ayodhya,Uttar Pradesh,9451997820,kditc@gmail.com,84
PR09000346,Krishna Private ITC - Faizabad,P,SHANTIPUR RAMPUR SARDHA FAIZABAD,,Faizabad,Ayodhya,Uttar Pradesh,9935068988,ashutosh.mishra777@gmail.com,18
PR09000639,Krishna Private ITC - Faizabad,P,VILL & POST GUNDHOUR BIKAPUR FAIZABAD,,Faizabad,Ayodhya,Uttar Pradesh,9415935170,pankajsinghps00@gmail.com,33
PR09001834,"Krishna Private ITI, Faizabad Sadar, Faizabad",P,"Pure Husain Khan ,Sadar Faizabad Uttar Pradesh P",,Faizabad,Ayodhya,Uttar Pradesh,9919880644,kiti.2013@yahoo.in,85
PR09001414,"Late Shri Jang Bahadur Singh Private ITC, - Faizabad",P,"village-Sariya, Post- rajapur Sariya,Dist- Faizabad",,Faizabad,Ayodhya,Uttar Pradesh,9415093647,jbs.itc@gmail.com,70
PR09000077,"Luxman ITC, Vidya Kund, Ayodhya - Faizabad",P,laxman itc vidya kund ayodhya faizabad,,Faizabad,Ayodhya,Uttar Pradesh,9415718322,apdwivedi.fzd47@gmail.com,4
PR09000393,Maa Mahakali Bhale Sultan Private ITC - Faizabad,P,"village-atesar,post- dharauli,dist.-faizabad",,Faizabad,Ayodhya,Uttar Pradesh,9839836340,singhsuryabakhsh@gmail.com,20
PU09001707,"Maharaja Private ITI , - Faizabad",P,Ayodhya Faizabad,,Faizabad,Ayodhya,Uttar Pradesh,05278212530,directorjec@gmail.com,89
PR09001422,Nav Jyoti Private ITC - Faizabad,P,"Surjivirwa,Rampur Sardha,Faizabad (U.P.)224171",224171,Faizabad,Ayodhya,Uttar Pradesh,9455730857,info@navjyotiite.co.in,71
PR09001292,Netaji Subhash Chandra Bose ITC - Faizabad,P,VILL-SARANGAPUR PO- BARAGAON DIST- FAIZABAD,,Faizabad,Ayodhya,Uttar Pradesh,9651232793,piti1265@gmail.com,64
PR09000612,Palakdhari Singh Private ITC - Faizabad,P,"Karma Chauraha, Rampur Sardha",,Faizabad,Ayodhya,Uttar Pradesh,9670509000,pdsinghiti@gmail.com,31
PR09001320,Pandit Rampragat Dubey ITC - Faizabad,P,"Vill & Post- Kurawan,Milkipur,Faizb ad",,Faizabad,Ayodhya,Uttar Pradesh,9450764053,rpditc@gmail.com,65
PR09000465,Parmeshwari Devi Private ITC - Faizabad,P,Paliya Nikat Hanumat nagar Faizabad,,Faizabad,Ayodhya,Uttar Pradesh,9935369539,akverma1947@yahoo.com,24
PR09000443,Patel Private ITC - Faizabad,P,SAHANWA DARSHAN NAGAR FAIZABAD,,Faizabad,Ayodhya,Uttar Pradesh,9453188413,rajbaliverma92@gmail.com,23
PR09001350,Prabha ITC - Faizabad,P,"VILLAGE & POST- RAMPUR SARDHA, DIST.- FAIZABAD U.P",,Faizabad,Ayodhya,Uttar Pradesh,9415917923,parbha19@gmail.com,67
PR09001222,Professor K.K.Yadav ITC - Faizabad,P,"PROF.K.K YADAV ITI MANAS NAGAR , USROO FAIZABAD",,Faizabad,Ayodhya,Uttar Pradesh,8187977000,diw.diwakar@gmail.com,60
PR09001376,Pt. Ambika Prasad Kamla Devi Private ITC - Faizabad,P,MALIKPUR KADIPUR CHAURAHA DABHASEMAR FAIZABAD,,Faizabad,Ayodhya,Uttar Pradesh,9005982508,ambikaprasad966@gmail.com,68
PR09001265,Pt. Haridas Private ITC - Faizabad,P,1/13/96 CIVIL LINE FAIZABAD,,Faizabad,Ayodhya,Uttar Pradesh,05278217830,ashokpand@gmail.com,62
PR09000514,Rajpati Private ITC - Faizabad,P,VILL GUJARA MAU POST INAYATNAGAR MILKIPUR FAIZABAD,,Faizabad,Ayodhya,Uttar Pradesh,9415054547,santosh7a7@rediffmail.com,27
PR09000229,Ram Charan ITC - Faizabad,P,Vill and Post Ghatauli Dist Faizabad UP,,Faizabad,Ayodhya,Uttar Pradesh,9621202189,sunilkumaritc100@gmail.com,11
PR09001408,Ram Manohar Private ITC - Faizabad,P,BHADOKHARA KUCHERA FAIZABAD,,Faizabad,Ayodhya,Uttar Pradesh,9455141914,anuragec0889@gmail.com,70
PR09001136,Rameshwar Singh ITC - Faizabad,P,"VILL- SAMANTHA, POST- SARAY SAGAR , FAIZABAD",,Faizabad,Ayodhya,Uttar Pradesh,9455364734,rameshwarsinghiti@gmail.com,57
PR09000715,Ramsumair Private ITC - Faizabad,P,"VILL- GANJA, POST- DABHASEMAR, DISTT- FAIZABAD",,Faizabad,Ayodhya,Uttar Pradesh,9452310826,vinodyadav494@gmail.com,37
PR09001253,S. D. Private ITC - Faizabad,P,bawan kumarganj faizabad,,Faizabad,Ayodhya,Uttar Pradesh,9415720203,rinnu3451@gmail.com,62
PR09001818,"SAHEED ASHFAR ULLAH PRIVATE ITI KHOJANPUR ,FAIZABAD",P,DARGAHI NAGAR KHOJANPUR FAIZABAD,,Faizabad,Ayodhya,Uttar Pradesh,9793113169,msufiyan845@gmail.com,84
PR09001221,Sagar ITC - Faizabad,P,DEVKALI FAIZABAD U.P.,,Faizabad,Ayodhya,Uttar Pradesh,9415715460,pkjgss@gmail.com,60
PR09000916,Satya Prabha ITC - Faizabad,P,NEAR RML UNIVERSITY ALLAHABAD ROAD FAIZABAD,,Faizabad,Ayodhya,Uttar Pradesh,05278265605,itisatyaprabha@gmail.com,46
PR09001783,"Shekhar Private ITI , Khandaasa, Faizabad",P,VILL KHANDASHA POST KHANDASHA DISTRICT FAIZABAD,,Faizabad,Ayodhya,Uttar Pradesh,8874882033,shekharitc@yahoo.com,82
PR09000645,Shiveshakti Private ITC - Faizabad,P,AMAWA MOD MUMARIJ NAGAR BIKAPUR FAIZABAD,,Faizabad,Ayodhya,Uttar Pradesh,9794983957,ssitc2012@yahoo.com,33
PR09001411,Shri Krishna Private ITC - Faizabad,P,mangari faizabad,,Faizabad,Ayodhya,Uttar Pradesh,9415434250,girijesh.ydv@gmail.com,70
PR09000860,Smt. Geeta Tiwari ITC - Faizabad,P,SUBTAHA RASULABAD FAIZABAD,,Faizabad,Ayodhya,Uttar Pradesh,9415188130,piti1286fzd@gmail.com,43
PR09000371,Smt. Prema Tiwari Pvt. ITC - Faizabad,P,"VILL- PURSAYEN, POST- PUNHAD, DISTT- FAIZABAD, UP",,Faizabad,Ayodhya,Uttar Pradesh,9918402769,neelamt007@gmail.com,19
PR09000358,"Smt. Vimla Singh Private ITC, - Faizabad",P,RAMPUR SARDHA FAIZABAD,,Faizabad,Ayodhya,Uttar Pradesh,9336611948,gmvcollege@gmail.com,18
PR09001387,Sri Ram Lagan Chandra Bali Private ITC - Faizabad,P,SIRSINDA RAMPUR HALWARA SARAYRASI FAIZABAD,,Faizabad,Ayodhya,Uttar Pradesh,9721025253,ramlagan@gmail.com,69
PR09001379,Sri Vishwanath Singh Private ITC - Faizabad,P,KUNDURKHA KHURD DEORHI FAIZABAD,,Faizabad,Ayodhya,Uttar Pradesh,9889514020,bbs15886@gmail.com,68
PR09000287,Sukanya Devi Dhuruv Prasad Singh Private ITC - Faizabad,P,bachhra sultanpur po- sahabganj faizabad,,Faizabad,Ayodhya,Uttar Pradesh,9598541296,sddpsiti46@gmail.com,15
PU09001833,"Tara Private ITI , Rath haweli Sadar, Faizabad",P,49/a prakash bhawan pandit ramnath shanglu ki koth,,Faizabad,Ayodhya,Uttar Pradesh,9415145022,sunil_sahai007@rediffmail.com,91
PR09000308,Urmila Private ITC - Faizabad,P,faizabad,,Faizabad,Ayodhya,Uttar Pradesh,7607001553,directoructm21@gmail.com,16
PR09000785,Wellesley Bailey Vocational Training Centre - Faizabad,P,The Leprosy Mission Wellesley Bailey Vocational Tr,,Faizabad,Ayodhya,Uttar Pradesh,05278254025,tlmvtcfaizabad@tlmindia.org,39
PR09000057,Wits Industrial Training Centre Deokali Road - Faizabad,P,196 DEOKALI ROAD NEAR PETOL PUMP FAIZABAD,,Faizabad,Ayodhya,Uttar Pradesh,05278240372,wits_fzd@rediffmail.com,3
PR09000604,Wits Private ITC - Faizabad,P,"DASAIJOT, PO- PAUSARA, DILASHIGANJ, DISTT- FAIZABAD",,Faizabad,Ayodhya,Uttar Pradesh,9415169030,wits_fzd@rediffmail.com,31
PR09000074,Yash Industrial Training Centre Darshan Nagar - Faizabad,P,"Yash Industrial Training Institute, Darshan Nagar,",,Faizabad,Ayodhya,Uttar Pradesh,8601874719,mj@jbnss.in,4
GR09000426,A.H. Private ITC - Azamgarh,P,A H ITI SIDHARI AZAMGARH,,Azamgarh,Azamgarh,Uttar Pradesh,9919554681,abdulhameeditc@gmail.com,1
PR09000670,"Anirudha Private ITI , Bhormau, Sikraur, Azamgarh",P,vill bhormau post sikraur ps phoolpur distt azamga,,Azamgarh,Azamgarh,Uttar Pradesh,9455350623,prashantmahul@gmail.com,34
PR09000497,Arihant Private ITC - Azamgarh,P,VILL KATHAUNI POST KARIYAGOPALPUR DISTT AZAMGARH,,Azamgarh,Azamgarh,Uttar Pradesh,9919610101,arihantiti2073@gmail.com,26
PR09001296,Avadh Narayan Singh ITC - Azamgarh,P,KOTHRA KAPTANGANJ AZAMGARH,,Azamgarh,Azamgarh,Uttar Pradesh,9415137656,anspiti@rediffmail.com,64
PR09001130,Azad ITC - Azamgarh,P,VILL MUNDA POST JAFARPUR DISTT AZAMGARH,,Azamgarh,Azamgarh,Uttar Pradesh,9648229995,azaditi1727@gmail.com,56
PR09001027,Azamgarh Private ITC - Azamgarh,P,"VILL-SURAI, POST- FARIHA, NIZAMABAD, AZAMGARH",,Azamgarh,Azamgarh,Uttar Pradesh,9415848397,azamgarhiti2011@gmail.com,51
PR09000503,Babu Harihar Singh - Azamgarh,P,"BHAWANIPUR, ITAYAL, ATRAULIA, AZAMGARH",,Azamgarh,Azamgarh,Uttar Pradesh,9452617719,jaynathsingh19@gmail.com,26
PR09000457,C. S. Private ITC - Azamgarh,P,SARAWAN AZAMGARH,,Azamgarh,Azamgarh,Uttar Pradesh,99839722821,cspiti2070@gmail.com,24
PR09001278,Comptech Computer Centre - Azamgarh,P,"64 A, VANI VILAS, KOLGHAT(NAI BASTI), AZAMGARH",,Azamgarh,Azamgarh,Uttar Pradesh,05462223040,samtoshpandey1995@gmail.com,63
PR09000841,Dr. Ramdhari ITC - Azamgarh,P,AT & POST BARGAHAN AZAMGARH,,Azamgarh,Azamgarh,Uttar Pradesh,9415835122,ramdhariitc@gmail.com,42
PR09001668,Engineer Malwarsingh Private ITC - Azamgarh,P,"ROSHANPUR, AJIJABAD, SEMA, JAHANAGANJ, DISTT-AZAMG",,Azamgarh,Azamgarh,Uttar Pradesh,9415839766,omprakashsingh999@gmail.com,77
PR09000653,Hari Prasad Private ITC - Azamgarh,P,"HAFIZPUR AHOPATTI, AZAMGARH",,Azamgarh,Azamgarh,Uttar Pradesh,9919891007,skyamie91@gmail.com,33
PR09000539,Harsh Private ITC - Azamgarh,P,"SARAIDHANI, PALAHANI, AZAMGARH",,Azamgarh,Azamgarh,Uttar Pradesh,9453034919,sandeepazad300@gmail.com,28
PU09001656,Iqra Public Private ITC Gulami Ka Pura Sadar Azamgarh - Azamgarh,P,GULAMI KA PURA SADAR AZAMGARH UP,,Azamgarh,Azamgarh,Uttar Pradesh,9628094786,iqrapubliciti@yahoo.in,88
PR09000983,J.S.B Private ITC - Azamgarh,P,VILL POST NASIRPUR DIST AZAMGARAH,,Azamgarh,Azamgarh,Uttar Pradesh,9956132279,jbyadav08@gmail.com,49
PR09001802,"Jagat Private ITI , Gaddopur, Malgaon, Azamgarh",P,"Jagat Private ITI , Gaddopur, Malgaon, Azamgarh",,Azamgarh,Azamgarh,Uttar Pradesh,9839524065,jagatiti@gmail.com,83
PR09000377,Jai Bajarang Private ITC - Azamgarh,P,VILL DHUBAV POST PAKADI DISTT AZAMGARH,,Azamgarh,Azamgarh,Uttar Pradesh,9935519687,jaibajrangiti@gmail.com,19
PR09000461,Jai Mangal Yadav Smarak Private ITC - Azamgarh,P,MADIYAPAR ATRAULIA AZAMGARH U.P,,Azamgarh,Azamgarh,Uttar Pradesh,9415837393,jaimangal7595@gimail.com,24
PR09001375,Kalika Smarak Private ITC - Azamgarh,P,"VILL-BARJI SAIDPUR, POST-KANDHARAPUR, DISTT-AZAMGA",,Azamgarh,Azamgarh,Uttar Pradesh,9415271468,shashank8115@gmail.com,68
PR09000381,Kashi Chandradev Yadav Private ITC - Azamgarh,P,Kashi Chandradev Yadav Private ITC - Azamgarh,,Azamgarh,Azamgarh,Uttar Pradesh,9450844093,kcypiti@gmail.com,20
PR09000607,Kashinath Ramnaresh Private ITC - Azamgarh,P,VILL TRIPURRARPUR MAHESHPUR AZAMGARH,,Azamgarh,Azamgarh,Uttar Pradesh,9956132779,jbyadav08@gmail.com,31
PR09001533,Kisan Pragati Sansthan ITC - Azamgarh,P,MUNDAJAFARPUR BHADULI NIZAMBAD ROD AZAMGARH,,Azamgarh,Azamgarh,Uttar Pradesh,9450736866,sksrivastavasks@gmail.com,74
PR09001746,"Kunal Private ITI , Pichari, Mubarakpur - Azamgarh (U.P.)",P,VILL-OJHAULI POST- PICHARI DOIST- AZAMGARH (U.P.),,Azamgarh,Azamgarh,Uttar Pradesh,9473927007,kunaliti7@gmail.com,80
PR09000306,Lalta Prasad Singh Private ITC - Azamgarh,P,"larpur gauhar, khairuddin pur,azamghar",,Azamgarh,Azamgarh,Uttar Pradesh,9415628611,lpsiti2011@gmail.com,16
PR09001176,Lalti Educational Institute of Technology - Azamgarh,P,"BABA COMPLEX, NEW MARKET, NARAULI, AZAMGARH",,Azamgarh,Azamgarh,Uttar Pradesh,9415208090,laltieasds@gmail.com,58
PR09000246,Maa Sharda Saraswati ITC - Azamgarh,P,"KHORRAMPUR, AZAMGARH",,Azamgarh,Azamgarh,Uttar Pradesh,9415832764,maashardaiti@gmail.com,12
PR09000023,Mahila Industrial Training Centre - Azamgarh,P,SHIBLI CAMPUS AZAMHARH,,Azamgarh,Azamgarh,Uttar Pradesh,9450117266,nuzhatparveen126@gmail.com,2
PR09001071,Mayank Private ITC - Azamgarh,P,VILL POST RANIPUR RAJMO BINDRA BAZAR DISTT AZAMGAR,,Azamgarh,Azamgarh,Uttar Pradesh,9919140012,mayankiti2@gmail.com,54
PR09000734,Narayan Private ITC - Azamgarh,P,MAIN HIGHWAY NARAULI AZAMGARH,,Azamgarh,Azamgarh,Uttar Pradesh,7860022901,itcnarayan@gmail.com,38
PR09000635,National Private ITC - Azamgarh,P,"VILL- SAMASPUR,DEURPUR POST BANKAT JAGDEESH (KOILSA",,Azamgarh,Azamgarh,Uttar Pradesh,9838042774,nationalitcazm@gmail.com,32
PR09001735,"Nav Srijan Private ITI , Lohra-Atraulia - Azamgarh",P,LOHRA ATRAULIA AZAMGARH,,Azamgarh,Azamgarh,Uttar Pradesh,9451673629,navsrijanprivateiti@yahoo.com,80
PR09000996,Navneet Private ITC - Azamgarh,P,"VILLAGE- BAGHAWAR, POST- TAHIRPUR, AZAMGARH",,Azamgarh,Azamgarh,Uttar Pradesh,7525010003,rdjs455@gmail.com,50
PR09000296,Priyanka Private ITC - Azamgarh,P,"VILL-NARFORA, BILARI, DISTT-AZAGARH",,Azamgarh,Azamgarh,Uttar Pradesh,9795110230,priyankaitiazamgarh@gmail.com,15
PR09000628,Pt. Rambher Rajpati Smarak Private ITC - Azamgarh,P,"VILL & POST-LOHRA, ATRAULIA ,DSTT- AZAMGARH",,Azamgarh,Azamgarh,Uttar Pradesh,9839131315,prrspiti@gmail.com,32
PR09000463,R.K. Private ITC - Azamgarh,P,kashipur Surai sathiaon Azamgarh UP,,Azamgarh,Azamgarh,Uttar Pradesh,9794356262,directorrkpc@rediffmail.com,24
PR09000885,Radhika Singh Smriti ITC - Azamgarh,P,"PURWA,ATRAULIA DISTT- AZAMGARH",,Azamgarh,Azamgarh,Uttar Pradesh,9415255099,radhikaitcazamgarh@gmail.com,44
PR09000741,Ram Krishan Paramhans Pvt. ITC - Azamgarh,P,VILL POST LALGANJ DISTT AZAMGARH,,Azamgarh,Azamgarh,Uttar Pradesh,9628551312,drdinkar@gmail.com,38
PR09000874,Ram Nath Dhananjay Audyogik Prashikshan Kendra Jagadishpur Ataraulia - Azamgarh u.p.,P,"Vill-Jagdishpur, Post- Dewarapatti, Dsitt- Azamgarh",,Azamgarh,Azamgarh,Uttar Pradesh,9721656005,piti1852@gmail.com,44
PU09001643,Rastriya Gramin Private ITC - Azamgarh,P,RASTRIYA GRAMIN ITI TIWARIPUR AZAMGARH,,Azamgarh,Azamgarh,Uttar Pradesh,9919554681,rastriyagraminitc@gmail.com,88
PR09001847,"SWAMI VIVEKANAND PRIVATE ITI KAPTANGANJ, AZAMGARH",P,"Mahrajganj Road, Kaptanganj, Azamgarh",,Azamgarh,Azamgarh,Uttar Pradesh,9839334894,ramdkram@gmail.com,85
PR09000319,Sant Baksha Private ITI - Azamgarh,P,PRATAPPUR AHILASPUR PAWAI AZAMGARH,,Azamgarh,Azamgarh,Uttar Pradesh,9415207397,piti1936@updte.org,16
GR09000192,Sar Sayed School of Technology Private ITC - Binapara - Azamgarh,P,"OHDARIPUR, RAJAPURSIKRAUR, BEENAPARA, AZAMGARH",,Azamgarh,Azamgarh,Uttar Pradesh,9026699883,govindazm@gmail.com,1
PR09000538,Saraswati Devi Private ITC - Azamgarh,P,Saraswati Devi Private ITC - Azamgarh,,Azamgarh,Azamgarh,Uttar Pradesh,9451172456,saraswatidevi.piti@gmail.com,28
PR09001114,Shivam ITC - Azamgarh,P,VILL POST NAVRASIYA TARWA DISTT AZAMGARH,,Azamgarh,Azamgarh,Uttar Pradesh,9919140012,shivamitcnavrasia@gmail.com,56
PR09001178,Shri Baba Sadhav RamTechnical Private ITC - Azamgarh,P,"VILL & POST-BARASARA KHALSA, DISTT- AZAMGARH",,Azamgarh,Azamgarh,Uttar Pradesh,9450160250,sbsrcollege@gmail.com,58
PR09000631,Shri Chhotelal Private ITC - Azamgarh,P,"VILL-DHANIYA KUNDI, TAHABARPUR, DISTT- AZAMGARH",,Azamgarh,Azamgarh,Uttar Pradesh,9670446000,u9670446000@gmail.com,32
PR09001055,"Shri Kawal Dhari Private ITC Baba Katayiganj Iswarpur, Azamgarh - Azamgarh",P,"VILL-ISWARPUR, POST- KOTILA, DISTT- AZAMGARH",,Azamgarh,Azamgarh,Uttar Pradesh,9451453625,govindazm@gmail.com,53
PR09001084,Shri Ram Janki Private ITC - Azamgarh,P,SRI RAM JANKI PVT ITI CHAKJORAVER SEMARI AZAMGARH,,Azamgarh,Azamgarh,Uttar Pradesh,9450311614,srj.itc@gmail.com,54
PR09001385,Shri Thakur ji Private ITC - Azamgarh,P,"VILL-SIMRAUL, POST- SEMA,DISTT- AZAMGARH",,Azamgarh,Azamgarh,Uttar Pradesh,9454479506,bipinsingh@gmail.com,69
PR09001845,"Shyama Private ITI , Pavai, Phulphur, Azamgarh",P,SHAH MARDANPUR PAWAI PHOOLPUR AZAMGARH,,Azamgarh,Azamgarh,Uttar Pradesh,9450011228,shyamapiti@gmail.com,85
PR09001037,Smt. Kanti Devi Private ITC Heera Patti Azamgarh - Azamgarh,P,"VILL & POST- HIRRAPATI, DISTT- AZAMGARH",,Azamgarh,Azamgarh,Uttar Pradesh,9670446000,umeshyadavishu@gmail.com,52
PR09000879,Sree Sai ITC - Azamgarh,P,VILL LAFIYA POST SARUPAHA SAFIPUR LALGANJ DISTT AZ,,Azamgarh,Azamgarh,Uttar Pradesh,9559273005,itisai7@gmail.com,44
PR09001315,Surendra ITC - Azamgarh,P,SALARPUR PAWAI AZAMGARH,,Azamgarh,Azamgarh,Uttar Pradesh,7309705877,surendraiti1815@rediffmail.com,65
PR09001024,Vijay Pratap Singh Private ITC Lachirampur Azamgarh - Azamgarh,P,"VILL-LACHARAMPUR, POST-SADAR, DISTT- AZAMGARH",,Azamgarh,Azamgarh,Uttar Pradesh,9415833865,govindazm@gmail.com,51
PR09001620,Adarsh ITI KIRTHAL - Bagpat,P,"VPO-BAWALI,TEH.- BAROUT,DIST- BAGPAT(UP)",,Baghpat,Baghpat,Uttar Pradesh,9045677027,dp56420@gmail.com,75
PR09000069,B.S Industrial Training Centre Chini Mill Ramala - Bagpat,P,"BS ITI NEAR CHINI MILL RAMALA,DIST- BAGHPAT(U.P.)",,Baghpat,Baghpat,Uttar Pradesh,9457268941,bstitramala@gmail.com,4
PR09000063,Baghpat Industrial Training Centre Bamnauli Baraut Budhana Road - Bagpat,P,vpo bamnauli teh baraut distt bagpat up 250620,250620,Baghpat,Baghpat,Uttar Pradesh,9756952103,piti325@gmail.com,4
PR09000782,Bhartiya Rishikul Industrial Training Centre - Bagpat,P,GANDHI ROAD BERAUT,,Baghpat,Baghpat,Uttar Pradesh,1234264045,panwarsir@gmail.com,39
PR09001552,ITC Rohilla Global Foundation - Bagpat,P,DAHA ROAD BARNAWA,,Baghpat,Baghpat,Uttar Pradesh,9811050950,subhash.rohilla@gmail.com,75
PR09001618,Janta Vaidic Private ITC - Bagpat,P,JANTA VEDIC ITI BARAUT BAGHPAT,,Baghpat,Baghpat,Uttar Pradesh,8868003283,jantavediciti1464@gmail.com,75
PU09001619,"Rajput Rawa ITI, Binoli Road, Baraut (Baghpat ) - Bagpat",P,RAJPUT RAWA ITI BARAUT BAGHPAT,,Baghpat,Baghpat,Uttar Pradesh,9412834015,rriticollege@gmail.com,86
PR09001154,Rammi Devi Mahila ITC - Bagpat,P,"V+P-BAMNAULI,DIST- BAGPAT U.P.",,Baghpat,Baghpat,Uttar Pradesh,9756952103,piti325@gmail.com,57
PR09001398,Rohilla Private ITC - Bagpat,P,DELHI ROAD,,Baghpat,Baghpat,Uttar Pradesh,9811050950,rohilla.subhash@gmail.com,69
PR09000209,Shri K.S. ITC - Bagpat,P,V.P.O - Bali Distt. - Baghpat,,Baghpat,Baghpat,Uttar Pradesh,01212279584,pkpanwar_1981@yahoo.com,10
PR09000700,"Prabha Private ITC , - Bahraich",P,vill Adilpur Tahsil Mahasi Block Tejawapur Dist Ba,,Bahraich,Bahraich,Uttar Pradesh,9415917923,parbha19@gmail.com,36
PR09000480,Aman Auddyogik Prashikshan Kendra - Ballia,P,JEERABASTI BALLIA,,Ballia,Ballia,Uttar Pradesh,9451807314,amanbrindaban@gmail.com,25
PR09001325,B.R.S ITC - Ballia,P,B.R.S ITC - Ballia,,Ballia,Ballia,Uttar Pradesh,8353945944,itibrs@gmail.com,66
PR09001007,Bajarang Private ITC - Ballia,P,bharauli surahi ballia,,Ballia,Ballia,Uttar Pradesh,9839987643,bajarangitc@gmail.com,50
PR09000249,Birja Singh Memorial ITI - Ballia,P,KOTWARI MOD RASRA,,Ballia,Ballia,Uttar Pradesh,9415369312,arvindsinghbiti@gmail.com,12
PR09000965,Brajesh Unique Private ITC - Ballia,P,"VILL-GOPALPURAM TARWAN POST-RATSAR, BALLIA UP",,Ballia,Ballia,Uttar Pradesh,9807607966,brajeshiti@gmail.com,48
PR09000403,Brij Shyam Private ITC - Ballia,P,RAGHUNATHPUR - BALLIA,,Ballia,Ballia,Uttar Pradesh,05498223750,brijshyamiti@gmail.com,21
PR09001097,Chandra Shekhar Azad ITC - Ballia,P,TARANPUR KHORI BAKAR BALLIA,,Ballia,Ballia,Uttar Pradesh,9918173918,chandrashekhariti2009@gmail.com,55
PR09000150,D.S Memorial ITC - Ballia,P,JIGANI RAKSA RATSAR BALLIA,,Ballia,Ballia,Uttar Pradesh,9721530340,yadavec88@gmail.com,8
PR09001355,Dr. Ram Manohar Lohiya ITC - Ballia,P,Vill+Post- Ujiyar Bharauli Ballia U.P. 277501,277501,Ballia,Ballia,Uttar Pradesh,9161063991,itirammanoharlohiya@gmail.com,67
PR09000147,"Ganpati ITC, - Ballia",P,"VILL-FATEHPUR, POST- KAJHARI DIST-BALLIA UP.",,Ballia,Ballia,Uttar Pradesh,9565462808,ganpatiiti888@gmail.com,8
PR09000471,"Gyanti Devi Pvt ITI, - Ballia",P,VILL-GAIGHAT POST- GAIGHAT REOTI BALLIA UP,,Ballia,Ballia,Uttar Pradesh,9369192191,gyantidevipiti@gmail.com,25
PR09001162,Kalpanath ITC - Ballia,P,VILL+POST-KASAUNDAR DIST-BALLIA,,Ballia,Ballia,Uttar Pradesh,9415228092,lallansingh_iti@rediffmail.com,58
GR09000145,Karpoori Thakur Dhanushdhari Private ITC - Ballia,P,VILL POST GANDHI NAGAR TELMA JAMALUDDINPUR DISTT B,,Ballia,Ballia,Uttar Pradesh,9651744234,karpoorithakur1691@gmail.com,1
PR09000266,Kusum ITC - Ballia,P,VILL.GURWAN POST.MIDDHA DIST.BALLIA U.P.,,Ballia,Ballia,Uttar Pradesh,9839707242,kusum_aud@rediffmail.com,13
PR09000478,Maa Katyani Private ITC - Ballia,P,"MAA KATYANI PRIVATE ITI, JEERA BASTI, NEAR FOREST",,Ballia,Ballia,Uttar Pradesh,7275332483,mritunjaychoubey@gmail.com,25
PR09000175,Maa Prabhawati Gramin ITC - Ballia,P,ROHANA RASRA BALLIA,,Ballia,Ballia,Uttar Pradesh,09415657972,dpsinghrasra@gmail.com,9
PR09000861,"Muskan I.T.I. Harpur Nai Basti, Ballia (U.P.) - Ballia",P,"HARPUR NAI BASTI, BALLIA",,Ballia,Ballia,Uttar Pradesh,9616222066,muskanitiballia@gmail.com,43
PR09000375,Neelam Audhogik Prashikshan Kendra Pvt. ITC - Ballia,P,Neelam Audhogik Prashikshan Kendra Pvt. ITC - Bal,,Ballia,Ballia,Uttar Pradesh,8736856880,neelamitimaniar@gmail.com,19
PR09001096,Nehru ITI Garwar Ballia - Ballia,P,Vill-Post- Garwar,,Ballia,Ballia,Uttar Pradesh,9984369311,nehru.up@gmail.com,55
PR09000376,Pandit Shivanand Audhogik Prashikshan Kendra - Ballia,P,Pandit Shivanand Audhogik Prashikshan Kendra - Ba,,Ballia,Ballia,Uttar Pradesh,9919686568,dayatiwari909@gmail.com,19
PR09000942,R.N.S Memorial ITC - Ballia,P,R.N.S MEMORIAL ITC RAGHUNATHPUR BALLIA,,Ballia,Ballia,Uttar Pradesh,9415679486,singhalok1404@gmail.com,47
PR09000840,Rajiv Gandhi Yuva Auddyogik Prashikshn Kendra - Ballia,P,Rajdhani Road Haibatpur Ballia,,Ballia,Ballia,Uttar Pradesh,8935022564,rgyitiballia@gmail.com,42
PR09001264,Ram Cheej ITI - Ballia,P,"VILL POST ROOPWAR BHAGWANPUR DIST BALLIA,UP",,Ballia,Ballia,Uttar Pradesh,9415539744,rambilasyadav80@gmail.com,62
PR09001644,Rashtra Nayak Chandra Shekhar Private ITC - Ballia,P,Rashtra Nayak Chandra Shekhar Private ITC - Balli,,Ballia,Ballia,Uttar Pradesh,9918173918,rashtranayakiti2008@gmail.com,76
PR09000199,S.S ITC - Ballia,P,KOTWA HOSPITAL MOR RANIGANJ BAIRIYA BALLIA,,Ballia,Ballia,Uttar Pradesh,9415026795,ssitcraniganj@gmail.com,10
PR09000253,Sabhapati Singh ITI Isari Salempur Ballia - Ballia,P,ISARI SALEMPUR TAHSIL RASARA DIST BALLIA,,Ballia,Ballia,Uttar Pradesh,05491230301,sabhapatisinghiti@gmail.com,13
PR09001266,Sai Baba ITC - Ballia,P,VILL- MITRALOK COLONY PANDEY PATTI BUXAR DIST- BUX,,Ballia,Ballia,Uttar Pradesh,9431426567,parmendra.iti10@gmail.com,62
PR09001206,Sant Yatinath ITC - Ballia,P,"VILLAGE-SUKHPURA, POST-SUKHPURA, DISTRICT-BALLIA,",,Ballia,Ballia,Uttar Pradesh,9648537352,santyatinathitc@gmail.com,60
PR09000696,Shivanand Private ITC - Ballia,P,"PFEPFANA, BALLIA",,Ballia,Ballia,Uttar Pradesh,05498232044,shivanandaps33@gmail.com,36
PR09001249,"Shri Lallanlal Shrivastava (S.L.S.) I.T.I. Bansdih, Ballia (U.P.) - Ballia",P,SHRI LALLANLAL SHRIVASTAVA (S.L.S.) I.T.I. BANSDIH,,Ballia,Ballia,Uttar Pradesh,9415682331,slsitiballia@gmail.com,61
PR09001191,Shubhawati Devi ITC - Ballia,P,"NAGRA, BALLIA",,Ballia,Ballia,Uttar Pradesh,9919529664,sditinagra@gmail.com,59
PR09000446,Smt. fulehra Smarak Private ITC - Ballia,P,Kamtialla Rasra Ballia (U.P.)221712,221712,Ballia,Ballia,Uttar Pradesh,09415222648,fulehraiti@gmail.com,24
PR09001273,Surmani Devi Memorial ITC - Ballia,P,Vill. Vimpura PO. vimpura Dist. Ballia,,Ballia,Ballia,Uttar Pradesh,9839149956,urai.ballia@gmail.com,63
PR09001790,"Swami Vivekanand Private ITI , Badagaon Maniyar Bansdih, Balia",P,"VILL.&POST- BADAGAON,MANIYAR ,BALLIA",,Ballia,Ballia,Uttar Pradesh,9918979753,swamivivekananditi2012@gmail.com,83
PR09001241,Yogendra Nath Private ITC - Ballia,P,Yogendra Nath Private ITC - Ballia,,Ballia,Ballia,Uttar Pradesh,9450530665,yogendranathpitiballia@gmail.com,61
PU09001607,Lok sewa Private ITC - Balrampur,P,Near Bus station Civil Liens Balrampur,,Balrampur,Balrampur,Uttar Pradesh,9451026944,lss_blp@rediffmail.com,86
PR09001033,Chhedi Lal Singh Singrapur Private ITC - Banda,P,"VILL-JASAIPUR,POST- TINDWARI,DIST-BANDA",,Banda,Banda,Uttar Pradesh,9648578000,abhadinesh.singh@gmail.com,52
PR09001343,M.S.D ITC - Banda,P,"Kalu Kuwan, Tindwari Road, Banda",,Banda,Banda,Uttar Pradesh,9451429131,kaptaanmsd@gmail.com,66
PR09001340,Vishwanath ITC - Banda,P,jaspura banda,,Banda,Banda,Uttar Pradesh,9250000531,viti1396@rediffmail.com,66
PR09000551,Addwait Mahila Audyogik Evam Shilpa Kala Shikshan Kendra - Barabanki,P,ANAND NAGAR DEWA ROAD BARABANKI,,Bara Banki,Barabanki,Uttar Pradesh,8400570563,amk1209@gmail.com,29
PR09001224,Bhartiya ITC - Barabanki,P,VILL. GOTAUNA POST. HAIDERGARH DIST. BARABANKI(U,,Bara Banki,Barabanki,Uttar Pradesh,9415775539,ranbeer.iti@gmail.com,60
PR09000997,Chandra Private ITC - Barabanki,P,"VILLAGE- MAKANPUR, POST- GARHI, DIST-B",,Bara Banki,Barabanki,Uttar Pradesh,9793567174,ritesh_kumar928@yahoo.com,50
PR09000172,Draupdi-Krishna ITC - Barabanki,P,BASA ROAD SAFDAR GANG DISTT- BARABANKI,,Bara Banki,Barabanki,Uttar Pradesh,8858751577,piti1235.bbk@gmail.com,9
PR09000627,Gokaran Narvadeshwar Private ITC - Barabanki,P,12 km MILE STONE AT LUCKNOW DEVA ROAD BARABANKI,,Bara Banki,Barabanki,Uttar Pradesh,9335201348,gnitm@yahoo.co.in,32
PR09000913,Guru Prasad Memorial ITC - Barabanki,P,GULARIHA NEAR JAHANGIRABAD RAJ SADRUDDINPUR ROAD D,,Bara Banki,Barabanki,Uttar Pradesh,9453854538,gpmitc4@gmail.com,46
PR09000780,HWA Shah Educational & Technical Industrial Training Centre - Barabanki,P,MELA GROUND DEWASHARIF BARABANKI,,Bara Banki,Barabanki,Uttar Pradesh,7897179989,www.piti1210@vppup.in,39
PR09001019,JBS Private ITC - Barabanki,P,"Dulhadepur, Tikait Nagar, Barabanki",,Bara Banki,Barabanki,Uttar Pradesh,9415405071,scedra_ngo@rediffmail.com,51
PR09001043,National Private ITC - Barabanki,P,km 32 lko kursi mehmoodabad road nindura barabanki,,Bara Banki,Barabanki,Uttar Pradesh,9412282414,zaidkidwai@gmail.com,52
PR09000678,National Raj Private ITC - Barabanki,P,VILL & POST MUJEEBPUR DEWA ROAD BARABANKI,,Bara Banki,Barabanki,Uttar Pradesh,9454856609,nritm92@gmail.com,35
PR09000291,Parijat Private ITC - Barabanki,P,GRAM ISROULI TEHSIL FATEHPUR DIST.BARANAKI U.P.,,Bara Banki,Barabanki,Uttar Pradesh,8176995862,parijatitc@gmail.com,15
PR09001611,Sainath Private ITC - Barabanki,P,"Amarsanda (Ansar Nagar), Kursi Road, Barabanki",,Bara Banki,Barabanki,Uttar Pradesh,09450113306,sunit31@gmail.com,75
PR09000641,Aakash Private ITI - Bareilly,P,Sastri nagar Bareilly,,Bareilly,Bareilly,Uttar Pradesh,05812515071,neerajjauhari@gmail.com,33
PR09000624,Anubis Private ITI - Bareilly,P,PARAURA NH-24 MEERGANJ BAREILLY,,Bareilly,Bareilly,Uttar Pradesh,9917900777,anubisitc@gmail.com,32
PR09000498,Asian Private ITC - Bareilly,P,JEEVAN JYOTI CAMPUS BEHIND IMPERIAL CINEMA OLD ROA,,Bareilly,Bareilly,Uttar Pradesh,9359111957,asianiti2255@gmail.com,26
PR09000815,Bankey Behari Tech. Education Centre ITC - Bareilly,P,BANKEY BIHARI TECHNICAL EDUCATIONAL CENTRE RAJENDR,,Bareilly,Bareilly,Uttar Pradesh,05812585454,verma_bros123@yahoo.co.in,41
PR09000794,Dr. Sushila Girish Industrial Training Centre - Bareilly,P,bankey ki chawni izzatnagar bareilly,,Bareilly,Bareilly,Uttar Pradesh,9410025749,tanuj5kumar@rediffmail.com,40
PR09000144,"INDIAN P.I.T.I , SAITHAL - BAREILLY",P,TWAN SAITHAL P.S HAFIZGANJ TEH. NAWABGANJ BAREILLY,,Bareilly,Bareilly,Uttar Pradesh,9897337777,amirsaithaly@gmail.com,8
PR09001098,Ishwari Prasad Memorial ITC - Bareilly,P,Bhojipura(Near Thana) Nainital Road Bareilly,,Bareilly,Bareilly,Uttar Pradesh,9837868974,ipmiti@gmail.com,55
PR09000783,Kalawati Mini Industrial Training Centre - Bareilly,P,17th MILE STONE BADAUN ROAD BHOLAPUR BAREILLY,,Bareilly,Bareilly,Uttar Pradesh,9411922239,kalawatiminiiti@gmail.com,39
PR09000244,Khusro ITC - Bareilly,P,C.B.Ganj Bareilly,,Bareilly,Bareilly,Uttar Pradesh,9412736575,vncbganj@gmail.com,12
PR09000806,Mehra Infosys Private ITC - Bareilly,P,194-E CIVIL LINES BAREILLY UP,,Bareilly,Bareilly,Uttar Pradesh,9411656594,mitc.ceri@gmail.com,40
PR09000059,Narayan Industrial Training Centre Pilibhit Road - Bareilly,P,DESIGN COMPLEX NEAR SOOD DHARAM KANTA BAREILLY,,Bareilly,Bareilly,Uttar Pradesh,8791846091,nitc1040@gmail.com,3
PR09000378,Rohilkhand Private ITC - Bareilly,P,"Opp. Maharaja Agrasen Degree College, Near TP Naga",,Bareilly,Bareilly,Uttar Pradesh,9634585097,satendrapalsingh99@gmail.com,19
PR09000128,"Shiv Shanker Industrial Training Centre , Verified By - - Bareilly",P,"Shiv Shanker Industrial Training Centre , Verified By - - Bareilly",,Bareilly,Bareilly,Uttar Pradesh,8307924105,deepak001nagarnigam@gmail.com,7
PR09001435,Shri Ram Chandra Smarak Private ITI - Bareilly,P,OPPOSITE G.T.I RAMPUR ROAD C.B GANJ BAREILLY U.P,,Bareilly,Bareilly,Uttar Pradesh,9917900777,srcsitc@gmail.com,72
PR09001100,Shri Ram Rakshpal Sharma ITC - Bareilly,P,"Society Road Pakka Katra, Aonla(Bareilly).",,Bareilly,Bareilly,Uttar Pradesh,9412964409,piti1103@vppup.in,55
PR09000365,Shri Sai Pvt. ITI - Bareilly,P,rajendra nagar bareilly,,Bareilly,Bareilly,Uttar Pradesh,9412411278,saipvtiti123@gmail.com,19
PR09000895,Vidya ITC - Bareilly,P,"319, Teachers' Colony, Faridpur (Bareilly)",,Bareilly,Bareilly,Uttar Pradesh,9873918535,neeru.sharma@yahoo.com,45
PR09001308,Deenbandhu Ramraj Audyogik Prashikshan Kendra ITC - Basti,P,TENUWA MAJHAUAMEER BASTI,,Basti,Basti,Uttar Pradesh,9984544066,rajverma6582@gmail.com,64
PR09001832,"Denbandhu Global Private ITI ,Jigina Manjhariya Sadar, Basti",P,JIGNA MANJHARIYA BIKARAM BASTI,,Basti,Basti,Uttar Pradesh,9984544066,www.dbgpvtiti@gmail.com,85
PR09000495,Dr. Smt. Pranay Singh Private ITC - Basti,P,GOKULPUR DUBAULIYABAZAR BASTI,,Basti,Basti,Uttar Pradesh,9838681784,vs2785892@gmail.com,26
PR09000537,Haribans Lali Private ITC - Basti,P,Vill-Chhediya Para Post Sikandarpur Distt Basti,,Basti,Basti,Uttar Pradesh,9935056765,poornanandgupta@gmail.com,28
PR09000779,Haripal Memorial Industrial Training Centre - Basti,P,MAKHAUDA DHAM POST DUKHEDI DISTT BASTI,,Basti,Basti,Uttar Pradesh,9919551243,hpmitcmakhauda123@gmail.com,39
PR09000469,Indian Pvt. ITC - Basti,P,"Chandrashekhar Azad Nagar, babhnan Bazar - Basti(U",,Basti,Basti,Uttar Pradesh,7800575254,rohinivss01@gmail.com,25
PR09001519,Krishak Industrial Training Institute - Basti,P,"Krishak Industrial Taining Institute, Gaur- Basti (",,Basti,Basti,Uttar Pradesh,7379999971,kitigaur@rediffmail.com,73
PU09001771,"Krishana Dharemendra Private ITI , Khakhua, Dudhaura Sonpur, Basti",P,"Krishana Dharemendra Private ITI [2525], Khakhua,",,Basti,Basti,Uttar Pradesh,9415173162,kdpvt.iti@gmail.com,90
PR09001245,Krishna ITC - Basti,P,village -bankati,,Basti,Basti,Uttar Pradesh,9415173162,krishna.itc@gmail.com,61
PR09001324,R.S.P.D.M ITC - Basti,P,BASTHANWA POST NEDULA DISTT BASTI,,Basti,Basti,Uttar Pradesh,9919551243,rspdmitcbasti@gmail.com,65
PR09000472,Ram Milan Yadav Gulba Devi Private ITC - Basti,P,"NONHA (PANDITPUR), AJGAIWA, JUNGAL, BASTI, U.P.",,Basti,Basti,Uttar Pradesh,9454597733,satyawati346@gmail.com,25
PR09001305,Sita Ram Chaudhary ITC Asnahra Belsar Basti - Basti,P,VILL ASNAHRA PO BELSAR DISTT BASTI UTTAR PRADES,,Basti,Basti,Uttar Pradesh,9838573571,piti1810@updte.org,64
PR09001786,"A.H. Private ITI , Dhanura Darbara Chandpur, Bijnor",P,darbada chandpur bijnor,,Bijnor,Bijnor,Uttar Pradesh,8057008621,info@ahiti.org,82
PR09001220,Ananya ITC - Bijnor,P,"Khera, Najibabad, Distt- Bijnor (UP)",,Bijnor,Bijnor,Uttar Pradesh,9837591290,ananyaiti@gmail.com,60
PR09001091,Anju Memorial ITC - Bijnor,P,"noorpur,amroha,road pheena bijnor",,Bijnor,Bijnor,Uttar Pradesh,01345271031,chauhanvijay350@gmail.com,55
PR09000071,Bijnor Industrial Training Centre Nazibabad Road - Bijnor,P,"NIJIBABAD ROAD, BIJNOR",,Bijnor,Bijnor,Uttar Pradesh,9917442600,bijnorpublicschool@yahoo.in,4
PR09001701,"C V RAMAN Private ITC, - Bijnor",P,"Mathurapur Mor, Kotdwara Road, Najibabad, Dist - B",,Bijnor,Bijnor,Uttar Pradesh,9837591290,cvramaniti@gmail.com,78
PR09001725,Chandra Shekhar Private Industrial Training Institute - Bijnor,P,"Village & Post- Jogirampuri, Najibabad- Raipur Roa",,Bijnor,Bijnor,Uttar Pradesh,9958505687,kapil.mit@gmail.com,79
PU09001840,"DEHRADUN PRIVATE ITI CHANDPUR,BIJNO R",P,"Opposite Block office, Ravidas Nagar,Noorpur, Bijn",,Bijnor,Bijnor,Uttar Pradesh,01345245678,gaurav.mg19@live.in,92
PR09000685,Haridwar Private ITC - Bijnor,P,HARIDWAR AUDHYOGIK PARKSHIN KENDRA NH NAGINA ROAD,,Bijnor,Bijnor,Uttar Pradesh,9761415322,itisaidnagar12@gmail.com,35
PR09000419,K. S. Private ITC - Bijnor,P,"VILLAGE KADRABAD KHURD, SEOHARA, BIJNOR, UP",,Bijnor,Bijnor,Uttar Pradesh,9758204093,kvijendra570@gmail.com,22
PR09000076,"Kisan ITC, Ganj Daranagar - Bijnor",P,VILL&PO GANJ BIJNOR,,Bijnor,Bijnor,Uttar Pradesh,9412714500,admin@sismv.org.in,4
PR09000507,Najibabad Private ITC - Bijnor,P,VILL.- HARSUWARA PO.- NAJIBABAD DIST.- BIJNOR(U.P),,Bijnor,Bijnor,Uttar Pradesh,01341221049,najibabadprivateiti200@gmail.com,27
PR09001118,Nirmala Sharma ITC - Bijnor,P,3KmStoneMandawarRo adBijnor,,Bijnor,Bijnor,Uttar Pradesh,9412635587,nsitcbijnor@gmail.com,56
PR09000846,"Rajpati ITC - meemla dhampur,Bijnor - Bijnor",P,NEHTAUR ROAD MEEMLA-DHAMPUR DISST. BIJNOR.U.P.,,Bijnor,Bijnor,Uttar Pradesh,9412854285,riti1145@gmail.com,42
PR09000915,Sidhbali ITC - Bijnor,P,"VILL- BOORPUR NAIN SINGH, POST- KIRATPUR, BIJNOR",,Bijnor,Bijnor,Uttar Pradesh,9412218379,piti1154@gmail.com,46
PR09000130,Sumitra Devi Om Prakash Memorial Industrial Training Centre - Bijnor,P,"Vill Bherkada Block Jalilpur, Thasil Chandpur Diss",,Bijnor,Bijnor,Uttar Pradesh,9837183121,som_itc@yahoo.in,7
PR09001853,"B.K PRIVATE ITI SAIDPUR, Badaun",P,"BADAUN-CHANDAUSI ROAD,RAHARHIA POLICE CHOWKI,SAIDP",,Budaun,Budaun,Uttar Pradesh,9358390864,bkprivateitisaidpur@gmail.com,85
PR09000649,Bagrain Private ITC - Badaun,P,BISAULI BADAUN,,Budaun,Budaun,Uttar Pradesh,9634670880,varunkumarbisauli@gmail.com,33
PR09000238,Global ITC - Badaun,P,AMGAON POST MOHAMMAD NAGAR SULHARA DISTRICT BUDAUN,,Budaun,Budaun,Uttar Pradesh,8534002878,globaliti.bdn@gmail.com,12
PR09001001,Pop Singh Smarak Private ITC - Badaun,P,"Village Badarpur, Po. Kurau, Distt Budaun",,Budaun,Budaun,Uttar Pradesh,9412564461,ksudhir275@gmail.com,50
PR09001074,Shivangi Private ITC - Badaun,P,JAWAHERPURI BADAUN,,Budaun,Budaun,Uttar Pradesh,9219507989,dir.shivangigroup@gmail.com,54
PR09000667,Shri G.J.S Private ITC - Badaun,P,D.M.Road Civil Line Budaun,,Budaun,Budaun,Uttar Pradesh,05832260200,gjs.itcbdn@gmail.com,34
PR09001743,"Vivekanand Private ITI , Miyapur Diyora- Bhusayan, Budaun U.P.",P,Miyanpur Diyora Islamnagar Bisauli,,Budaun,Budaun,Uttar Pradesh,9319238682,amit19733@gmail.com,80
PR09001094,"Adarsh ITI SHIKARPUR, BULNDSHAHR - Bulandshahr",P,Vill Po. Rahmapur Syawali Bulandshahr,,Bulandshahr,Bulandshahr,Uttar Pradesh,9758102225,piti1566@gmail.com,55
PR09001287,"Bhoop Singh ITI Lakhawati, Bulandshahr - Bulandshahr",P,Vill Po. Lakhawati Vulandshahr,,Bulandshahr,Bulandshahr,Uttar Pradesh,9412101769,piti01581@gmail.com,63
PR09000764,C S P Singh Industrial Training Centre - Bulandshahr,P,wair badshahpur,,Bulandshahr,Bulandshahr,Uttar Pradesh,9760777279,kumarnagesh38@gmail.com,38
PR09000567,"Chaub Singh Industrial Training Institute, Anchru Kalan, Bulandshahr - Bulandshahr",P,"Vill.Po. Anchru Kalan, Bulandshahr",,Bulandshahr,Bulandshahr,Uttar Pradesh,09719102450,piti001524@gmail.com,29
PR09000131,Choudhary Munshi Singh I.T.I.Bagrai Khurja Bulandshahr - Bulandshahr,P,BAGRAI KHURJA - SHIKARPUR ROAD BULANDSHAHR,,Bulandshahr,Bulandshahr,Uttar Pradesh,9412612279,piti1548@gmail.com,7
PR09000118,Cp. Manoj Pandey Industrial Training Centre - Bulandshahr,P,MANAKPUR UTRAWALI BULANDSHAHR,,Bulandshahr,Bulandshahr,Uttar Pradesh,9719025512,cmpiti1544@gmail.com,6
PR09001262,D.M. ITC - Bulandshahr,P,BEESA COLONY BHOOR BULANDSHAHR,,Bulandshahr,Bulandshahr,Uttar Pradesh,9058074711,arunsinghrana086@gmail.com,62
PR09000414,Disha Private ITC - Bulandshahr,P,MUNDI BAKAPUR BULANDSHAHR,,Bulandshahr,Bulandshahr,Uttar Pradesh,9719025512,rkpanwar8@gmail.com,22
PR09000097,Gasupur I.T.I.Taina Gasupur Jn Road Khurja Bulandshahr - Bulandshahr,P,Tena Goshpur Junction Road Khurja Distt. Bulandsha,,Bulandshahr,Bulandshahr,Uttar Pradesh,9651622002,mgsskhurja@yahoo.com,5
PR09000786,Gujrati Devi Memorial Industrial Training Centre - Bulandshahr,P,GT road teachers colony,,Bulandshahr,Bulandshahr,Uttar Pradesh,9319416664,nottysingh01@gmail.com,39
PR09000791,Gyanodaya Industrial Training Centre - Bulandshahr,P,B-57 Yamuna Puram Bulandshahr,,Bulandshahr,Bulandshahr,Uttar Pradesh,09359940200,viitcollega@gmail.com,40
PR09000981,"Jagatguru Pvt ITI GT Road, Khurja, Bulandshahr - Bulandshahr",P,"619 Civil Lines, Raje babu Road, Bulandshahr",,Bulandshahr,Bulandshahr,Uttar Pradesh,9412477433,jagadguruiti1598@gmail.com,49
PR09000355,M. S. Private ITC - Bulandshahr,P,"VILL+POST-JADAUL ,DIST- BULANDSHAHR.UP.",,Bulandshahr,Bulandshahr,Uttar Pradesh,9557040589,nirbhay.vl@gmail.com,18
PR09000171,"Maharaja Agrasen ITI, Bulandshahr - Bulandshahr",P,5th KM SARAI CHHABILA SIYANA GARH ROAD BULANDSHAHR,,Bulandshahr,Bulandshahr,Uttar Pradesh,8126580400,mdmache@gmail.com,9
PR09000573,Mathuria Kisan Int.Coll. ITI Bheempur (Debai)Bulandsha hr - Bulandshahr,P,"Bheempur Dorahaa, Debai Bulandshahr",,Bulandshahr,Bulandshahr,Uttar Pradesh,9808077161,piti1528@gmail.com,29
PR09000468,Nalanda Modern Private ITC - Bulandshahr,P,495 Avas Vikas 1st DM Road Bulandshahr,,Bulandshahr,Bulandshahr,Uttar Pradesh,9456473600,piti2162@gmail.com,25
PR09000047,P.S Industrial Training Centre Sikandrabad - Bulandshahr,P,vill-andhel,,Bulandshahr,Bulandshahr,Uttar Pradesh,9412465502,nottysingh1@gmail.com,3
PR09000896,"Rajeev Gandhi ITI DHARAUN, BULANDSHAHR - Bulandshahr",P,"Vill. Po. Dinol , Bulandshahr",,Bulandshahr,Bulandshahr,Uttar Pradesh,9457766482,piti1553@gmail.com,45
PR09000642,S. P. S. S. Private ITC - Bulandshahr,P,S. P. S. S. Private ITC - Bulandshahr,,Bulandshahr,Bulandshahr,Uttar Pradesh,8393024200,piti2163@gmail.com,33
PR09000812,Sagar Industrial Training Institute Bulandshahr - Bulandshahr,P,Inta Rori Bulandshahr,,Bulandshahr,Bulandshahr,Uttar Pradesh,9410436100,piti1526bsr@gmail.com,40
PR09000774,Shivam Industrial Training Centre - Bulandshahr,P,"shivam nagar, dhakar road khurja, Bulandshahr, U.P",,Bulandshahr,Bulandshahr,Uttar Pradesh,8477000374,piti1531@gmail.com,39
PU09001796,"Shivam Private ITI , Ibrahimpur Junedpur Urf Mojpur, Khurja, Bulanshahar",P,"Vill Ibrahimpur Junedpur Urf Mojpur, Junction Road",,Bulandshahr,Bulandshahr,Uttar Pradesh,8477000371,spiti.krj@gmail.com,90
PR09001518,Shri Lal Bahadur Shashtri Industrial Training Centre - Bulandshahr,P,Vill Po. Sabitgarh Bulandshahr,,Bulandshahr,Bulandshahr,Uttar Pradesh,9456028260,piti01521@gmail.com,73
PR09000107,Shri Laxmi Narayan Sharma Industrial Training Institute - Bulandshahr,P,"Vill- Naglashekhu, PO- Meerpur, Distt- Bulandshahr",,Bulandshahr,Bulandshahr,Uttar Pradesh,9319377826,piti1537@rediffmail.com,6
PR09000091,"Shri Parsad Sharma ITI Amargarh , Bulandshahr - Bulandshahr",P,"Vill.Po. Mayana, Bulandshahr",,Bulandshahr,Bulandshahr,Uttar Pradesh,9761116266,itiamargarh2007@gmail.com,5
PR09000410,Shri Prasad Sharma Technical Institute Private ITC - Bulandshahr,P,Shri Prasad Sharma Technical Institute Private ITC - Bulandshahr,,Bulandshahr,Bulandshahr,Uttar Pradesh,9761116266,itiamargarh2007@gmail.com,22
PR09001295,"Shri Shyam ITI NARORA, BULANDSHAHR - Bulandshahr",P,Narora,,Bulandshahr,Bulandshahr,Uttar Pradesh,9412227821,navneetsingh463@gmail.com,64
PR09001002,Sri Shankar Singh Private ITC - Bulandshahr,P,27 indra Nagar Buoor Bulandshahr,,Bulandshahr,Bulandshahr,Uttar Pradesh,9411805114,piti1601@gmail.com,50
PR09000692,Thakur Mansingh Memorial Private ITC - Bulandshahr,P,"Dankaur Road, Sikandrabad, Dist- Bulandshahr (U.P.",,Bulandshahr,Bulandshahr,Uttar Pradesh,9897652346,piti2164@gmail.com,35
PR09001823,"VISHWAKARMA PRIVATE ITI MUKIMPUR, BULANDSHAHAR",P,"VILL- CHIRCHITA, POST- MUKIMPUR, DIST- BULANDSHAHR",,Bulandshahr,Bulandshahr,Uttar Pradesh,9873801952,amitabha.bhattacharya@jalindia.co.in,84
PR09000159,B.K.PRIVATE ITI FAGUIYA KHAGWAL - Chandauli,P,"FAGUIYA,KHAGWAL,CH ANDAULI",,Chandauli,Chandauli,Uttar Pradesh,7275856531,bk.bhupendra123@gmail.com,8
PR09001063,Babu Tufani Singh Private ITC - Chandauli,P,"NAWAHI, CHANDAULI",,Chandauli,Chandauli,Uttar Pradesh,9415356099,siajay011@gmail.com,53
PR09001536,Bhupendra Kumar Private ITI Munsaf Katra Nehru Nagar - Chandauli,P,WARD NO 3 MUNSAF KATRA CHANDAULI,,Chandauli,Chandauli,Uttar Pradesh,7275856531,bk.bhupendra123@gmail.com,74
PR09001369,Ganga Private ITC - Chandauli,P,"RAHLUPUR, VIKSIRIYA, CHANDAULI VARANASI",,Chandauli,Chandauli,Uttar Pradesh,9415225026,anil.1034@rediffmail.com,68
PU09001849,HARI OM SEVA PRIVATE ITI,P,HARI OM SEVA PRIVATE ITI,,Chandauli,Chandauli,Uttar Pradesh,9415452789,santoshtiwari1968@gmail.com,92
PR09001008,Hari Nandan Private ITC - Chandauli,P,vill-saray rasulpur hatwapar chandauli,,Chandauli,Chandauli,Uttar Pradesh,9415685398,vinodyadaviti1887@gmail.com,50
PR09000089,IDEAL PRIVATE ITI - Chandauli,P,patnawa basantnagar industrial area ramanagar chan,,Chandauli,Chandauli,Uttar Pradesh,7398717100,idealpiti1658@gmail.com,5
PR09000650,Indira Gandhi Private ITC - Chandauli,P,"VILL- BASADI,SAIDUPUR,CHA AKIA,CHANDAULI.",,Chandauli,Chandauli,Uttar Pradesh,9794089053,singhcp676@gmail.com,33
PR09001272,Kamal ITC - Chandauli,P,SEMRA SHAHABGANJ CHANDAULI,,Chandauli,Chandauli,Uttar Pradesh,9454273941,kamalraj.2012@updte.org,63
PR09000881,Late. Jang Bahadur Singh ITC - Chandauli,P,"VILL, POST DHARAULI DIST CHANDAULI UP",,Chandauli,Chandauli,Uttar Pradesh,9415872780,diwakarsingh2580@gmail.com,44
PR09001848,"MAHAVEER PRIVATE ITI RAITH, CHANDAULI",P,"MAHAVEER PRIVATE ITI RAITH, CHANDAULI",,Chandauli,Chandauli,Uttar Pradesh,9415286726,jaiprakashup599@gmail.com,85
PR09001793,"NIRMALA PRIVATE ITI , P.O. AMOGHPUR MUGHALSARAI, VARANASI",P,"VILL- AMOGHPUR, POST-MUGHALSARAI, DIST- CHANDAULI,",,Chandauli,Chandauli,Uttar Pradesh,9369712341,nirmalitimgs@gmail.com,83
PR09001348,New Purvanchal ITC - Chandauli,P,BAGAHI SAIYADRAJA CHANDAULI,,Chandauli,Chandauli,Uttar Pradesh,9415622431,piti1822bbt@gmail.com,67
PR09001177,"R.B. ITC - Baliakala, Po- shikarganj(Chakia) Chandauli",P,"VILL-BALIAKALA, PO- SHIKARGANJ(CHAKIA), DIST-CHANDA",,Chandauli,Chandauli,Uttar Pradesh,9415443025,anilrbiti@rediffmail.com,58
PR09000858,Ram Kripal Singh ITC - Chandauli,P,VILL+POST-URAWN URF CHIRAIGAWN,,Chandauli,Chandauli,Uttar Pradesh,9451878424,sranjit232@gmail.com,43
PR09000544,Rama Shankar Singh Private ITC - Chandauli,P,"VILL-MADHUPUR POST- TORWAN, DHANAPUR CHANDAULI",,Chandauli,Chandauli,Uttar Pradesh,9451878424,sranjit232@gmail.com,29
PR09000706,Rama Shankar Tiwari Private ITC - Chandauli,P,gauriya ramnagar,,Chandauli,Chandauli,Uttar Pradesh,9452156211,anujmalviya09@gmail.com,36
PR09001044,Rural Private ITC - Chandauli,P,"Vill-Ganjkhwaja ,post- janso ki madai,dist- chandaul",,Chandauli,Chandauli,Uttar Pradesh,8948868484,rajesh2009rajesh@gmail.com,52
PR09001142,Shri Shivmangal Singh ITC - Chandauli,P,Vill. & Po. Sakarari District Chandauli,,Chandauli,Chandauli,Uttar Pradesh,9451390404,jaigobindsingh@yahoo.com,57
PR09000299,Smt. Asha Devi Private ITC - Chandauli,P,Vill- Dayalpur Post- Sadalpura Distt- Chandauli,,Chandauli,Chandauli,Uttar Pradesh,9450395305,singhankitbhu6791@gmail.com,15
PR09001076,Sri Krishna Chaturvedi Private ITC - Chandauli,P,Vill- Hamidpur Post- Basant Nagar Distt- Chandauli,,Chandauli,Chandauli,Uttar Pradesh,8005209759,neetuchaturvedivns1970@gmail.com,54
PR09000273,Swami Arganandji Maharaj Private ITC - Chandauli,P,BARAHAN MANGALPUR CHANDAULI UP,,Chandauli,Chandauli,Uttar Pradesh,9453578578,swami.pvt2011@gmail.com,14
PR09001144,Yamuna Devi ITC - Chandauli,P,"pura , balua , chnadauli",,Chandauli,Chandauli,Uttar Pradesh,9415895283,ss481099@gmail.com,57
PR09001826,"Bitiaya Devi Private ITI , Rauli Kalyanpur, Chitrakoot",P,RAULI KALAYANPUR CHITRAKOOT,,Chitrakoot,Chitrakoot,Uttar Pradesh,9415340450,aloktiwari.investment@gmail.com,84
PR09000836,Chaudhary Ramhit ITI - Chitrakoot,P,"Ragauli, Karwi, Distt.- Chitrakoot (U.P.)",,Chitrakoot,Chitrakoot,Uttar Pradesh,9415143993,crhitc.ragauli@gmail.com,42
PR09000476,Late Jagmohan Prasad Raniya Devi Patel Pvt. ITC - Chitrakoot,P,Village and Post Raipura,,Chitrakoot,Chitrakoot,Uttar Pradesh,09839030284,vft_india@rediffmail.com,25
PR09000869,Maa Nanki Devi Audhiogic Prashikshan Kendra - Chitrakoot,P,bisudha ram nagar chitrakoot,,Chitrakoot,Chitrakoot,Uttar Pradesh,09453772788,maanankideviiti@gmail.com,43
PR09000663,Om Sai Ram Private ITC - Chitrakoot,P,CHHIVALAHA MAU CHITRAKOOT,,Chitrakoot,Chitrakoot,Uttar Pradesh,8858774442,clspc7582@gmail.com,34
PR09001696,"A.Y.T. Private ITC , - Deoria",P,"Village - Ghataila Gaji, Post - Deoria, District -",,Deoria,Deoria,Uttar Pradesh,02512453534,contact@rbtsk.org.in,78
PR09000999,Awadh Nath Singh Memorial ITC - Deoria,P,GORAKHPUR ROAD DEORIA,,Deoria,Deoria,Uttar Pradesh,9125602944,vs.amethia@gmail.com,50
PR09000282,Awadh Nath Singh Memorial Trust Private ITC - Deoria,P,rampur bachau salempur,,Deoria,Deoria,Uttar Pradesh,9125602944,vs.amethia@gmail.com,14
PR09000634,Bahadur Yadav Memorial Private ITI - Deoria,P,NAGAR PANCHAYAT BHATNI DEORIA UTTAR PRADESH,,Deoria,Deoria,Uttar Pradesh,9161666670,info@bymtiti.com,32
PU09001651,Deoria ITC - Deoria,P,"krishna nagar teacher colony ,Deoria khas deoria",,Deoria,Deoria,Uttar Pradesh,9935997301,deoriaitc@gmail.com,88
PR09000945,Hriday Narayan Singh ITC - Deoria,P,"vill: Bhawanipur, Post: Baikunthpur, Dist: Deoria",,Deoria,Deoria,Uttar Pradesh,05422316326,anandshahi084@gmail.com,47
PR09000541,Kalpnath Rai Private ITC - Deoria,P,"VILL AND POST - LUXMIPUR BAZAR, BHANTI, DEORIA",,Deoria,Deoria,Uttar Pradesh,9838515379,dhirendra.prakash1984@gmail.com,28
PU09001689,Kamla Devi Private ITI - Deoria,P,VILL-TILAI BELWA POST&DISTT-DEORIA,,Deoria,Deoria,Uttar Pradesh,05568220426,vinaykrtiwari@gmail.com,88
PR09000464,Lalita Devi Dharam Dev Singh Private ITC - Deoria,P,USRI KHURD INDUPUR GAURI BAZAR DEORIA,,Deoria,Deoria,Uttar Pradesh,9795200468,krishanmohanrai91@gmail.com,24
PR09000733,Late R. S. Lal Private ITC - Deoria,P,Vill: Pokharbhinda P.O. G I Estate DEORIA,,Deoria,Deoria,Uttar Pradesh,9425503734,rslalpiti2411@gmail.com,38
PR09000372,Michel Faraday Pvt. ITC - Deoria,P,UBHAV NAGRAULI GAURI BAZAR DEORIA,,Deoria,Deoria,Uttar Pradesh,09208609740,sandeepgb999@gmail.com,19
PR09000165,Murat Narayan Rao ITC - Deoria,P,tehsil road rudrapur deoria,,Deoria,Deoria,Uttar Pradesh,9956159821,jatashankar9450@gmail.com,9
PR09001255,Purvanchal ITC - Deoria,P,"vill-dhamaur parashuram,post- piprachandrabhan deor",,Deoria,Deoria,Uttar Pradesh,9451761952,purvanchal1786@gmail.com,62
PR09001421,R. P. S. Private ITC - Deoria,P,MUNDERA RAMPUR GARH DEORIA,,Deoria,Deoria,Uttar Pradesh,9598548385,rpsiti2181@gmail.com,71
PR09001693,"Ram Prasad Singh Private ITC , - Deoria",P,"VILL - PARASIYA URF KHARJARWA, PO & DISTT - DEORIA",,Deoria,Deoria,Uttar Pradesh,9415827890,directorvsingh@gmail.com,78
PU09001859,"S.N. Singh Memorial Private ITI, Deoria",P,"S.N. Singh Memorial Private ITI, Deoria",,Deoria,Deoria,Uttar Pradesh,9125602944,vs.amethia@gmail.com,92
PR09000043,Tapani Industrial Training Centre - Deoria,P,NAVALPUR ROAD SALEMPUR DEORIA,,Deoria,Deoria,Uttar Pradesh,9453250883,tapaniiti@gmail.com,2
PR09000051,Bhartia Industrial Training Centre Holi Gate - Etah,P,Kidwai Nagar,,Etah,Etah,Uttar Pradesh,9897484585,graminsamaj@rediffmail.com,3
PR09000062,Chandrakanta Industrial Training Centre Mirhachi - Etah,P,Etah Road Mirhachi Etah,,Etah,Etah,Uttar Pradesh,8535006596,chandrakantaiti@gmail.com,3
PR09000533,Dr. Ram Singh Private ITI - Etah,P,Opp. Gaushala Jalesar Etah,,Etah,Etah,Uttar Pradesh,9411931525,drramsinghitijalesaretah@gmail.com,28
PR09000808,EX Sainik Industrial Training Centre - Etah,P,Gandhi Murti Railway Road Kaganj,,Etah,Etah,Uttar Pradesh,983764394,vishyadav362@gmail.com,40
PR09000676,Etah Private ITI - Etah,P,Infront of Mandi Samiti G.T Road ETah,,Etah,Etah,Uttar Pradesh,9897484585,graminsamaj@rediffmail.com,35
PR09000119,"K.S. Industrial Training Centre 51, Shanti Nagar - Etah",P,51 shanti nagar etah,,Etah,Etah,Uttar Pradesh,9412511200,ksitietah@yahoo.com,6
PR09000072,Professional's Technical Institute - Etah,P,"D-1,Industrial Estate,Kasganj Road,Etah",,Etah,Etah,Uttar Pradesh,0574234453,ptietah05742234453@gmail.com,4
PR09001603,Rajan Shree ITC - Etah,P,VERMA NAGAR ETAH,,Etah,Etah,Uttar Pradesh,05742287251,mkyetah@rediffmail.com,75
PR09000673,Rajesh Kumar Sadhna Devi Private ITC - Etah,P,DHUMARI ETAH,,Etah,Etah,Uttar Pradesh,9897062708,rksditi@gmail.com,35
PR09000523,S. S. Private ITC - Etah,P,TODAPUR ETAH,,Etah,Etah,Uttar Pradesh,9286729475,pushpendrasingh064@gmail.com,27
PR09001124,S.B.S ITC - Etah,P,S.B.S ITC - Etah,,Etah,Etah,Uttar Pradesh,9457030298,dushyantsoby@gmail.com,56
PR09001549,Sainik Industrial Training Centre - Etah,P,Gandhi Murti Soron Gate Kasganj,,Etah,Etah,Uttar Pradesh,983764394,yadavrita817@gmail.com,74
PR09000258,Shri Pradeep Kumar Bhama Shah ITC - Etah,P,Ashok nagar gali no 3 nidholi road etah up,,Etah,Etah,Uttar Pradesh,9410220102,bhamashah9@gmail.com,13
PR09001388,Smt. Mohani Devi Private ITI - Etah,P,VILL- BAKALPUR POST- BHARTOLI BLOCK- SAKEET DIS,,Etah,Etah,Uttar Pradesh,09412349963,smditc@gmail.com,69
PR09000527,Vashisth Private ITI - Etah,P,104 b shantinagar etah,,Etah,Etah,Uttar Pradesh,9458880990,vashishthitietah@gmail.com,28
PR09001687,Holy Point ITC - Eatawah,P,SEEHPUR BHARTHANA,,Etawah,Etawah,Uttar Pradesh,9984131234,holypointacademy.iti@gmail.com,78
PR09001374,R.S. Auodogik Prakshian Kendra - Eatawah,P,jamuna bagh jaswantnagar etawah,,Etawah,Etawah,Uttar Pradesh,9412613647,rsitietawah@gmail.com,68
PR09001289,Ramwati Rajbahadur ITC - Eatawah,P,PRATAVIPUR ETAWAH,,Etawah,Etawah,Uttar Pradesh,8923177594,rrbssngo@yahoo.in,63
PR09000708,Dr R K RAJPUT PRIVATE ITI - Farrukhabad,P,"Tikurian Nagla, P.O Pachpukhra, Distt. Farrukhabad",,Farrukhabad,Farrukhabad,Uttar Pradesh,9415492447,rkrajputitc@gmail.com,36
PR09000892,Khawaja ITC - Farrukhabad,P,"SHIAKHPUR, POST KAMALGANJ DISTT FARRUKHABAD",,Farrukhabad,Farrukhabad,Uttar Pradesh,9838138512,khwajaiti@gmail.com,45
PR09000615,Pratap Private ITC - Farrukhabad,P,"TahsilRoad, Kaimganj",,Farrukhabad,Farrukhabad,Uttar Pradesh,9415124282,contact@pratapiti.com,31
PR09000237,R.S. Public School ITC - Farrukhabad,P,RAJENDRA NGAR MOHAMMADABAD,,Farrukhabad,Farrukhabad,Uttar Pradesh,9454992475,rspsitimohammadabad@gmail.com,12
PR09000230,S.P.S College ITC - Farrukhabad,P,RAJENDRA NAGAR,,Farrukhabad,Farrukhabad,Uttar Pradesh,9454992475,spsitirajendrangr746@gmail.com,11
PR09000936,Shri Mouji Lal ITC - Farrukhabad,P,"kaimganj road, rajlamai, fbd",,Farrukhabad,Farrukhabad,Uttar Pradesh,9415481309,rahul83gangwar@gmail.com,47
PR09001244,Shri Rajendra Singh ITC - Farrukhabad,P,NAWABGANJ,,Farrukhabad,Farrukhabad,Uttar Pradesh,9454992475,srsitinawabganj@gmail.com,61
PR09000436,Shri Ramswaroop Private ITC - Farrukhabad,P,Vill Bakhterapur Post Lahra Kaimganj Farrukhabad,,Farrukhabad,Farrukhabad,Uttar Pradesh,05690233303,rishugangwar@gmail.com,23
PR09001428,Brij Lal Private ITC - Fatehpur,P,Braj Lal Industrial Traning Institute Ahirankheda,,Fatehpur,Fatehpur,Uttar Pradesh,9452780526,info@bliti.org,71
PR09000542,Kausal Private ITC - Fatehpur,P,vill rampur thariyaon po thariyaon fatehpur,,Fatehpur,Fatehpur,Uttar Pradesh,9450921903,kaushalitc@gmail.com,28
PR09001216,Kaushal ITC - Fatehpur,P,vill &po thariyaon fatehpur,,Fatehpur,Fatehpur,Uttar Pradesh,9450921903,kaushalitc@gmail.com,60
PR09001700,"Rameshwar Singh Private ITC, - Fatehpur",P,VILL TEKARI POST BAMHRAULI DHATA FATEHPUR UP,,Fatehpur,Fatehpur,Uttar Pradesh,9984216001,rsitco11@gmail.com,78
PR09001724,"Sangam Private ITC,Fatehpur,() - Fatehpur",P,by pass chauraha lucknow road fatehpur,,Fatehpur,Fatehpur,Uttar Pradesh,9721810919,sangsm.vinay@rediffmail.com,79
PR09000458,Shri R.N. Singh Vikram Singh Private ITC - Fatehpur,P,fatehpur,,Fatehpur,Fatehpur,Uttar Pradesh,9450507774,somvansisandeep@gmail.com,24
PR09001357,Sri Shiv Bali Singh ITC - Fatehpur,P,MURAIN TOLA FATEHPUR,,Fatehpur,Fatehpur,Uttar Pradesh,09415171950,ssbspiti@gmail.com,67
PR09001323,Thakur Yuvraj Singh ITC - Fatehpur,P,Nai bajar khaga fatehpur,,Fatehpur,Fatehpur,Uttar Pradesh,9415032715,abhaygroup@gmail.com,65
PR09000205,"Asha ITC, Himaunpur - Firozabad",P,HIMAUNPUR FIROZABAD,,Firozabad,Firozabad,Uttar Pradesh,9450608580,ashaiti@rediffmail.com,10
PR09001058,B. S. ITI - Firozabad,P,Nagla Vishanu,,Firozabad,Firozabad,Uttar Pradesh,9756125273,ajeetyadavbsiti@gmail.com,53
PR09000664,Gaura Devi Private ITI - Firozabad,P,Prabhat Compund Near Bus Stand,,Firozabad,Firozabad,Uttar Pradesh,9837827656,gauradeviiti@gmail.com,34
PU09001703,"Kalpana ITI, - Firozabad",P,70/12 NEHRU NAGAR NEAR SUHAGNAGAR FIROZABAD,,Firozabad,Firozabad,Uttar Pradesh,9286272418,kalpanaiti@rediffmail.com,89
PR09001665,Maa Gauri Private ITC - Firozabad,P,"village - bilhana, distt - firozabad",,Firozabad,Firozabad,Uttar Pradesh,9837252095,maagauri.iti86@gmail.com,77
PR09000842,Maa Savitri Devi Pradhan ITC - Firozabad,P,"VILL- MOHMMDABAD ,PARHAM FIROZABAD",,Firozabad,Firozabad,Uttar Pradesh,7830333172,m.s.rana1961@gmail.com,42
PR09000241,Major Ramvir Singh ITC - Firozabad,P,VILL&POST-BALIPUR SHIKOHABAD FIROZABAD,,Firozabad,Firozabad,Uttar Pradesh,9412316879,rambresh_iti@rediffmail.com,12
PR09000719,Sagar Private ITC - Firozabad,P,"NH-2, AGRA ROAD, MOHAMDABAD",,Firozabad,Firozabad,Uttar Pradesh,05612204014,sitc.tundla@gmail.com,37
PR09001263,Shiv Shankar ITC - Firozabad,P,"Kasturba Nagar, Jain Nagar Firozabad",,Firozabad,Firozabad,Uttar Pradesh,9837827656,shivshankaritc2010@gmail.com,62
PR09001365,Shree Mangal Singh Private ITI - Firozabad,P,line par nagla masjid tunla,,Firozabad,Firozabad,Uttar Pradesh,9568210935,ctivinodkumar1@gmail.com,68
PR09000637,Shree Sudhir Singh Private ITI - Firozabad,P,DEVKHERA,,Firozabad,Firozabad,Uttar Pradesh,9719349098,bpsingh1019@gmail.com,32
PR09000012,Shri Sarnam Singh Industrial Training Centre - Firozabad,P,SARNAM SINGH NAGAR LABOUR COLONY FIROZABAD,,Firozabad,Firozabad,Uttar Pradesh,9568640601,sarnamsinghitc@gmail.com,2
PR09000528,Tapobhoomi Private ITC - Firozabad,P,HIMMATPUR NAIPAI FIROZABAD,,Firozabad,Firozabad,Uttar Pradesh,8445026321,titihf2@gmail.com,28
PR09001510,Tapobhumi Gopal Private ITI - Firozabad,P,"Gali no4, Mahavir nagar Firozabad",,Firozabad,Firozabad,Uttar Pradesh,9837104811,tgitif@gmail.com,73
PR09000278,Badley Singh Private ITC - Gautambuddha Nagar,P,"VILLAGE-CHUHADPUR KHADAR,G.B NAGAR,UP",,Gautam Buddha Nagar,Gautam Buddha Nagar,Uttar Pradesh,9560137004,badlesinghiti@gmail.com,14
PR09001329,Bhoomi ITC - Gautambuddha Nagar,P,"J-71, Site 5, Sec. 5, Kasna, Greater Noida",,Gautam Buddha Nagar,Gautam Buddha Nagar,Uttar Pradesh,9568684140,bhoomiitc@gmail.com,66
PR09001661,"Bihari Lal Private ITI DANKAUR, G.B. Nagar - Gautambuddha Nagar",P,BIHARILAL ITI DANKUAR GAUTAM BUDDHA NAGAR,,Gautam Buddha Nagar,Gautam Buddha Nagar,Uttar Pradesh,9568147761,piti1956@gmail.com,77
PR09001622,C.R.S Private ITC - Gautambuddha Nagar,P,"VILLAGE- SADARPUR, SECTOR-45, NOIDA, G.B NAGAR",,Gautam Buddha Nagar,Gautam Buddha Nagar,Uttar Pradesh,9455004917,crsitinoida@gmail.com,75
PR09001371,Ch. Charan Singh Private ITC - Gautambuddha Nagar,P,"Vill-Jaunchana, Post- Mahmadpur Jadon, Dit.- Gautam",,Gautam Buddha Nagar,Gautam Buddha Nagar,Uttar Pradesh,9650052021,ccspiti2152@gmail.com,68
PR09001439,Chaudhary Bhuleram Private ITC - Gautambuddha Nagar,P,"VILLAGE- PACHAYTAN INAYATPUR, KASANA ROAD, GREATER",,Gautam Buddha Nagar,Gautam Buddha Nagar,Uttar Pradesh,9310227778,bhooleramiti@gmail.com,72
PU09000013,"Gautam Buddha I.T.I., Chhajarsi, Sector-63, Noida (Distt. G.B.Nagar)- [Ins.Code]",P,13th Milestome HN-24 Near Community Centre Vill- C,,Gautam Buddha Nagar,Gautam Buddha Nagar,Uttar Pradesh,1206500970,bstomar58@gmail.com,86
PU09001632,ICI INDUSTRIAL TRAINING INSTITUTE - Gautambuddha Nagar,P,"187, Udyog Kendra 1, Ecotech III,Greater Noida",,Gautam Buddha Nagar,Gautam Buddha Nagar,Uttar Pradesh,01123273057,icignoida@gmail.com,87
PR09001109,Ideal ITC - Gautambuddha Nagar,P,"Sector-143, Garhi Sehdara, Noida, G.B Nagar UP",,Gautam Buddha Nagar,Gautam Buddha Nagar,Uttar Pradesh,9212227298,idealitc143@gmail.com,55
PR09000572,International Computer Institute - Gautambuddha Nagar,P,"Village Habibpur, Greater Noida",,Gautam Buddha Nagar,Gautam Buddha Nagar,Uttar Pradesh,9811692275,icignoida@gmail.com,29
PR09000820,Jyoti ITI - Gautambuddha Nagar,P,"ACHHEJA, DADRI ROAD , G.B. NAGAR",,Gautam Buddha Nagar,Gautam Buddha Nagar,Uttar Pradesh,9810755002,jyotiedu31@gmail.com,41
PR09000194,Kaling ITC - Gautambuddha Nagar,P,"Vill. Nagla Chiti, Post Chiti, Dist. G.B Nagar",,Gautam Buddha Nagar,Gautam Buddha Nagar,Uttar Pradesh,8800276936,piti1561@gmail.com,10
PU09001660,Kalpana Industrial Training Centre - Gautambuddha Nagar,P,Sultanpur Sec-128 Noida G.B.Nagar U.P.,,Gautam Buddha Nagar,Gautam Buddha Nagar,Uttar Pradesh,9871595172,kalpanaitinoida@gmail.com,88
PR09001680,Keshav Madhav Educational Institutional Private ITC - Gautambuddha Nagar,P,VILL&POST- DHOOMMANIK PUR,,Gautam Buddha Nagar,Gautam Buddha Nagar,Uttar Pradesh,09412225758,kmssansthan@gmail.com,78
PR09000015,Mihir Bhoj Industrial Training Centre - Gautambuddha Nagar,P,GT ROAD DADRI G B NAGAR,,Gautam Buddha Nagar,Gautam Buddha Nagar,Uttar Pradesh,9911307899,anujbhati.bhati78@gmail.com,2
PR09001630,Model I.T.I. Thora G.B.Nagar - Gautambuddha Nagar,P,MODEL ITI THORA G.B.NAGAR,,Gautam Buddha Nagar,Gautam Buddha Nagar,Uttar Pradesh,9412612279,bagrai1548@rediffmail.com,76
PR09001318,Modern ITC - Gautambuddha Nagar,P,"MODERN INDUSTRIAL TRAINING CENTRE, DERIN-GUJRAN, D",,Gautam Buddha Nagar,Gautam Buddha Nagar,Uttar Pradesh,9811502322,psbhati_2003@sify.com,65
PR09000264,Ram Gopal ITI - Gautambuddha Nagar,P,"BILASPUR , GREATER NOIDA GAUTAM BUDDHA NAGAR",,Gautam Buddha Nagar,Gautam Buddha Nagar,Uttar Pradesh,9734070107,mukesh.nhi@gmail.com,13
PR09000792,Shri Ummed Industrial Training Centre - Gautambuddha Nagar,P,"Vill Mayana Akalpur, Po. Rabupura, GB Nagar",,Gautam Buddha Nagar,Gautam Buddha Nagar,Uttar Pradesh,9412642500,itishriummed1498@gmail.com,40
PR09001625,Swatantra Bharat Private ITC - Gautambuddha Nagar,P,vpo KALONDA GAUTAMBUDH NAGAR,,Gautam Buddha Nagar,Gautam Buddha Nagar,Uttar Pradesh,9719102550,mssmitc@gmail.com,76
PR09001166,A.V.S ITC - Ghaziabad,P,B 18 Sector 9 New VIjay Nagar Ghaziabad,,Ghaziabad,Ghaziabad,Uttar Pradesh,9818012053,avsitc@gmail.com,58
PU09001854,"AMBAY PRIVATE ITI , GOVIND PURAM, GHAZIABAD",P,"C-11, 12 KRISHNA GARDEN, NEAR NDRF CAMP, HARSAON,",,Ghaziabad,Ghaziabad,Uttar Pradesh,9990249997,ambayiti@gmail.com,92
PR09001681,"Abhudaya Private ITI, - Ghaziabad",P,NH-24 GANG NAHAR MASOORI GHAZIBAD,,Ghaziabad,Ghaziabad,Uttar Pradesh,01202719525,abhudayaitc@gmail.com,78
PR09000816,Advance Institute of Information & Computer Tech. - Ghaziabad,P,"III-N-20,AMBEDKAR ROAD,GZB",,Ghaziabad,Ghaziabad,Uttar Pradesh,0120271269,aiictiti@rediffmail.com,41
PR09000844,Aman ITC - Ghaziabad,P,B-245 Yojna vihar delhi,,Ghaziabad,Ghaziabad,Uttar Pradesh,9997070700,aime6565@yahoo.co.in,42
PR09000800,Audyogic Vikas Evam Training Centre - Ghaziabad,P,"9, ADHYATMIK NAGAR DASNA FLY OVER GZB.",,Ghaziabad,Ghaziabad,Uttar Pradesh,01202769747,nidhi.itc@gmail.com,40
PR09000767,Centre for Agrarian Research Training Educatrion(CARTE ) Private ITC - Ghaziabad,P,c- block shastri nagar ghaziabad,,Ghaziabad,Ghaziabad,Uttar Pradesh,01204128368,carte_gzb@rediffmail.com,38
PR09001495,Ch. Charan Singh Industrial Training Institute Patla Ghaziabad (U.P),P,"Town- Patla, Ghaziabad",,Ghaziabad,Ghaziabad,Uttar Pradesh,01232259046,ccspatlaiti@gmail.com,73
PR09000737,Chaudhary Charan Singh Memorial Private ITC - Ghaziabad,P,MAIN SHYAM PARK SAHIBABAD NEAR SAHIBABAD RALWAY S,,Ghaziabad,Ghaziabad,Uttar Pradesh,9999787198,charansinghmemiti@gmail.com,38
PR09000284,"D.B.S. Delhi ITI, TroniCa City, Loni, Gaziabad - Gaziabad",P,Sudheer EnclaveTronica City Loni Ghaziabad,,Ghaziabad,Ghaziabad,Uttar Pradesh,9540446644,dbsdelhiiti@gmail.com,14
PR09000081,"Delhi Public I.T.I., Khora (Ghaziabad) [Ins. Code ]",P,B-509 PRATEEK FEDERA SEC 61 NOIDA,,Ghaziabad,Ghaziabad,Uttar Pradesh,9837043081,itidelhipublic@gmail.com,5
PR09001093,Ganga Dhara ITC - Ghaziabad,P,"Anand Estate Ind. Area, Sahibabad, Ghaziabad",,Ghaziabad,Ghaziabad,Uttar Pradesh,9211811983,sirohiarun@gmail.com,55
PR09000788,Gyan Bharti Industrial Training Centre - Ghaziabad,P,"BAGU, TIGRI ROAD, VIJAY NAGAR, GHAZOABAD-201009, U",201009,Ghaziabad,Ghaziabad,Uttar Pradesh,9955536332,geetagautamiti@gmail.com,39
PR09000195,H.K.T. ITC - Ghaziabad,P,H.K.T. ITC - Ghaziabad,,Ghaziabad,Ghaziabad,Uttar Pradesh,9415149044,lchluknow@gmail.com,10
PR09000022,I.C.T. Private ITI - Ghaziabad,P,"ICT - ITI PLOT NO-13, ASHOK VATIKA,NEAR LAJPAT NA",,Ghaziabad,Ghaziabad,Uttar Pradesh,9810168227,ictsahibabad@gmail.com,2
PR09000067,Indian Technology Industrial Trainign Centre Abupur Meerut Rd - Ghaziabad,P,"ITITI Vill. Abupur, Muradnagar Distt. Ghaziabad",,Ghaziabad,Ghaziabad,Uttar Pradesh,9719655517,ititiabupur@gmail.com,4
PR09000804,Ingraham Industrial Training Institute Ghaziabad - Ghaziabad,P,Ingraham Institute Hapur Road Ghaziabad,,Ghaziabad,Ghaziabad,Uttar Pradesh,01206406453,ingrahampiti1482@gmail.com,40
PU09001751,"Jai Shree Krishana Private ITI , Kandola Hapur Ghaziabad",P,"JAI SHREE KRISHANA PRIVATE ITI [2504],VILLAGE-KAND",,Ghaziabad,Ghaziabad,Uttar Pradesh,9871153821,skpvtiti2014@gmail.com,90
PR09000571,Mahila Private ITC - Ghaziabad,P,KADRABAD MODINAGAR GHAZIABAD,,Ghaziabad,Ghaziabad,Uttar Pradesh,9953419766,mahilaitikadrabad@gmail.com,29
PR09000164,Permanand ITC - Ghaziabad,P,VILLAGE KADRABAD POST GOVINDPURI MODINAGAR GHAZIAB,,Ghaziabad,Ghaziabad,Uttar Pradesh,9953419766,parmananditikadarbad@gmail.com,9
PR09000777,R.K. Technical Institute ITC - Ghaziabad,P,loni gzb,,Ghaziabad,Ghaziabad,Uttar Pradesh,8006409897,rkitiloni@gmail.com,39
PR09001062,Radha Gobind Private ITC - Ghaziabad,P,Village:painga,,Ghaziabad,Ghaziabad,Uttar Pradesh,9897304909,radhagovinditi@yahoo.in,53
PR09001200,Radha Govind ITC Duhai-Sadarpur Road Duhai Ghaziabad - 201206 [UP ] - Ghaziabad,P,"DUHAI-SADARPUR ROAD, DUHAI GHAZIABAD",,Ghaziabad,Ghaziabad,Uttar Pradesh,8826310441,radhagovinditc@gmail.com,59
PR09000776,St. Francis Technical Institute - Ghaziabad,P,"St. Francis School,Abhay Khand - III/2, Indrapuram",,Ghaziabad,Ghaziabad,Uttar Pradesh,01127844983,julgeo53@yahoo.com,39
PR09000178,United Technical Institute - Ghaziabad,P,A 73 Sec A4 Tronica City Loni GZB,,Ghaziabad,Ghaziabad,Uttar Pradesh,9811786700,unitedtechnicalinstitute@yahoo.com,9
PR09001174,A.K. National ITC - Ghazipur,P,VILL- BABHANAULI POST RAMPUR DIST GHAZIPUR,,Ghazipur,Ghazipur,Uttar Pradesh,9415617401,aknationalpvtiti@gmail.com,58
PR09000953,Adarsh ITC - Ghazipur,P,"Vill- Hetimpur(Jalalpur)Zam ania,Ghazipur(U.P)",,Ghazipur,Ghazipur,Uttar Pradesh,9415739534,adarsh.inst.1880@gmail.com,47
PR09000578,Adarsh Industrial Training Centre - Ghazipur,P,VILL- NARIYAWN URF UMARGANJ ZAMANIA GHAZIPUR,,Ghazipur,Ghazipur,Uttar Pradesh,9616949663,dabbusingh563@gmail.com,29
PR09001445,Adarsh Private ITC - Ghazipur,P,TELIYANI BAHADIYA GHAZIPUR,,Ghazipur,Ghazipur,Uttar Pradesh,9415870090,rudrakumar067@gmail.com,72
PR09001649,Adarsh Private ITC - Ghazipur,P,"Vill-Baghari,Post- Zamania,Dist- Ghazipur(U.P)",,Ghazipur,Ghazipur,Uttar Pradesh,9415739534,adarsh.inst.1880@gmail.com,76
PU09001642,Adarsh Private ITC - Ghazipur,P,WARD NO 1 DILDAR NAGAR GHAZIPUR,,Ghazipur,Ghazipur,Uttar Pradesh,9839190463,rajkishor0012@gmail.com,87
PU09001648,Ajeet Yadav Purvanchal ITI - Ghazipur,P,BHITRI GHAZIPUR,,Ghazipur,Ghazipur,Uttar Pradesh,9936058138,pradeepkumar2010@gmail.com,88
PR09000493,Awadhoot Bhagwan Private ITC - Ghazipur,P,girnar ashram dildarnagar ghazipur 232326 u.p,232326,Ghazipur,Ghazipur,Uttar Pradesh,05497244259,siddharthgautamram@gmail.com,26
PR09000716,"Baba B.N.M National Pvt. ITI, - Ghazipur",P,VILL- GAUR POST- ANAUNI DIST GHAZIPUR,,Ghazipur,Ghazipur,Uttar Pradesh,8858061993,bababnmnationalpvtiti@gmail.com,37
PR09001185,Baba Ram Das Kishore ITC - Ghazipur,P,VILL BHAIROPUR POST BADDHUPUR DIST GHAZIPUR UP PIN,,Ghazipur,Ghazipur,Uttar Pradesh,9005903327,brkishor1761@gmail.com,59
PR09000713,Baba Ram Nath Private ITC - Ghazipur,P,vill+post- Gahali Basarikpur distt- Ghazipur,,Ghazipur,Ghazipur,Uttar Pradesh,9450565551,babaramnath@gmail.com,36
PR09000335,Bala Private ITC - Ghazipur,P,"VILL- BHABHAURA POST AURIHAR, DIST- GHAZIPUR",,Ghazipur,Ghazipur,Uttar Pradesh,9452573949,balaiti50@gmail.com,17
PR09001188,Bhole Shankar Dhaneshwari ITC - Ghazipur,P,VILL+PO-MITRALOK COLONY PANDEYPATTI BUXAR,,Ghazipur,Ghazipur,Uttar Pradesh,9431426567,bholeshankariti@gmail.com,59
PR09001395,Buddha Private ITC - Ghazipur,P,vill MIRZABAD POST MANIA MIRZABAD GHAZIPUR UP INDI,,Ghazipur,Ghazipur,Uttar Pradesh,9450464559,buddhaitc563@gmail.com,69
PR09001047,Buddham Sharanam Private ITC - Ghazipur,P,"VILL-MUDAWAL, POST- FTEHULLAHPUR, DIST- GHAZIPUR U.P",,Ghazipur,Ghazipur,Uttar Pradesh,9450719333,bsitigzp2@gmail.com,52
PR09001141,Central ITC - Ghazipur,P,"VILL-BAGHOL,POST- JANGIPUR,DIST- GHAZIPUR (U.P)",,Ghazipur,Ghazipur,Uttar Pradesh,9415874799,stpcentraliti7@gmail.com,57
PR09000236,"Chandradev ITI, BAGHMARWA, BAHADURGANJ- GHAZIPUR [PITI - ] Ghazipur",P,"VILLAGE-BAGHMARWA, POST-BAHADURGANJ DISTRICT-GHAZI",,Ghazipur,Ghazipur,Uttar Pradesh,9792872200,ritayadav201@gmail.com,12
PR09000638,Chhavi Shila Private ITC - Ghazipur,P,TELIYANI BAHADIYA GHAZIPUR,,Ghazipur,Ghazipur,Uttar Pradesh,9415372531,bvmvghazipur@gmail.com,33
PR09001645,Dr. A.H. ITC - Shadiabad - Ghazipur,P,"VILL-SHADIABAD, POST- SHADIYABAD, DIST- GHAZIPUR U.P",,Ghazipur,Ghazipur,Uttar Pradesh,9415807590,drahitcshadiabad@gmail.com,76
PR09000697,Dulari Devi Private ITC - Ghazipur,P,vill post maharajganj ghazipur,,Ghazipur,Ghazipur,Uttar Pradesh,9616381709,dularideviitc.gzp@gmail.com,36
PR09001449,Gautambuddha Private ITC - Ghazipur,P,VILL TULSIPUR POST CHHAWANILINE GHAZIPUR U.P,,Ghazipur,Ghazipur,Uttar Pradesh,9451183683,akhileshkushwaha38@roketmail.com,72
PR09000293,Gramin Private ITC - Ghazipur,P,Gramin Private ITC - Ghazipur,,Ghazipur,Ghazipur,Uttar Pradesh,9450631125,rgyanendrakumar@gmail.com,15
PR09000630,H. S. National Private ITC - Ghazipur,P,khanpur saidpur ghazipur,,Ghazipur,Ghazipur,Uttar Pradesh,09839737457,anil2678@gmail.com,32
PR09000302,I.D. Memorial Private ITI - Ghazipur,P,RAVINDRAPURI DISST. GHAZIPUR,,Ghazipur,Ghazipur,Uttar Pradesh,9415862312,idmitigzp@gmail.com,15
PR09001077,International Private ITC - Ghazipur,P,Vill-Fullanpur Post- Bikapur Ghazipur,,Ghazipur,Ghazipur,Uttar Pradesh,9473800006,international@gmail.com,54
PR09001384,J. B. B. Private ITC - Ghazipur,P,J. B. B. Private ITC - Ghazipur,,Ghazipur,Ghazipur,Uttar Pradesh,9838787172,jaibajrang.enterprises@gmail.com,69
PR09000863,J.B. ITC - Ghazipur,P,RAJAPUR KARIMUDDINPUR GHAZIPUR,,Ghazipur,Ghazipur,Uttar Pradesh,9839987643,bajarangitc@gmail.com,43
PR09000373,K. D. Singh Private ITC - Ghazipur,P,VILL GANDHPA POST BAGEND,,Ghazipur,Ghazipur,Uttar Pradesh,9415680392,kdcitigandhapa@gmail.com,19
PR09000818,K.N.S ITC - Ghazipur,P,VILL-MITRALOK COLONY PANDEYPATTI BUXAR,,Ghazipur,Ghazipur,Uttar Pradesh,9431426567,binodknsitigazipur@gmail.com,41
PR09001083,K.S.V. Institute of Engineering & Technology Private ITC - Ghazipur,P,vill madarapur post daulanagar dist ghazipur,,Ghazipur,Ghazipur,Uttar Pradesh,8423003000,vijaykumar9777@gmail.com,54
PR09000292,Kalpnath Smarak Private ITC - Ghazipur,P,VILLAGE+POST DADHAWAL SADAT GHAZIPUR,,Ghazipur,Ghazipur,Uttar Pradesh,9415010243,kalapiticollege@gmail.com,15
PR09001695,"Kamakhya Private ITC , - Ghazipur",P,Seorai Bhadaura Ghazipur UP,,Ghazipur,Ghazipur,Uttar Pradesh,9451590615,kamakhyaiti@gmail.com,78
PR09001679,Kavaldhari Yadav Private ITC - Ghazipur,P,"VILL KHUTHAN, PATHARA DISTT GHAZIPUR",,Ghazipur,Ghazipur,Uttar Pradesh,9451596073,kawaldhari1215@gmail.com,77
PR09001274,L.C.C ITC - Ghazipur,P,Village-Dharani Post- Dharani Ghazipur,,Ghazipur,Ghazipur,Uttar Pradesh,9455757512,atulraighazipur@gmail.com,63
PR09000666,Late Bahadur Private ITC - Ghazipur,P,VILL HARDASPUR KHURD POST JALLABAD DISTT GHAZIPUR,,Ghazipur,Ghazipur,Uttar Pradesh,8423754700,jbyadav08@gmail.com,34
PR09000605,Late Banshi Private ITC - Ghazipur,P,"Vill & Po- Alawalpur, Ghazipur",,Ghazipur,Ghazipur,Uttar Pradesh,9451480560,piti2151gzp@gmail.com,31
PR09000142,Late Shiv Kumar Rai ITC - Ghazipur,P,"VILL - BABERI POST - SOHILAPUR DISTT - GHAZIPUR , U",,Ghazipur,Ghazipur,Uttar Pradesh,9415209031,shivkumarraiitc@rediffmail.com,8
PR09001189,Maa Bhagawati ITC - Ghazipur,P,"VILL. + PO - REOTIPUR, DISTT. - GHAZIPUR ( U P )",,Ghazipur,Ghazipur,Uttar Pradesh,9415886602,shashankrai254@gmail.com,59
PR09000848,Maa Sudami Devi ITC - Ghazipur,P,"SHASHTRI NAGAR , DISTT-GHAZIPUR , U.P. 233001",233001,Ghazipur,Ghazipur,Uttar Pradesh,05482220835,masudamidevi@gmail.com,42
PR09000837,"Maa Tijiya ITI Bhavanipur, Mardah-Ghazipur [PITI- ] - Ghazipur",P,"VILL-Bhavanipur,POST- Mardah,DISTRICT- GHAZIPUR",,Ghazipur,Ghazipur,Uttar Pradesh,9792872200,ritayadav201@gmail.com,42
PR09000727,Maa Vaishnavi Private ITC - Ghazipur,P,"Barahpur, Nandganj, Ghazipur",,Ghazipur,Ghazipur,Uttar Pradesh,9415281168,maavaishnawai@yahoo.com,37
PR09000222,Maa daulti Devi Awam Sahatu Audhyogic Awam Taknik Prashikshan Sansthan - Ghazipur,P,Vill. Todarpou PO. Khelabpur Dist Ghazipur,,Ghazipur,Ghazipur,Uttar Pradesh,9415209715,madaspsprincipal@gmail.com,11
PR09000245,Maa sita Audyogik Prashikshan Kendra - Ghazipur,P,Zamania Kasba Ghazipur,,Ghazipur,Ghazipur,Uttar Pradesh,9889125323,satyendrakumarjalan@gmail.com,12
PR09001434,Maharana Pratap Private ITC - Ghazipur,P,"DIDOHAR,BIRNO,GHAZI PUR",,Ghazipur,Ghazipur,Uttar Pradesh,9918723823,satyasingh2147@gmail.com,71
PR09001383,Mansha Rai Private ITC - Ghazipur,P,VILL DHONDHADIH DISTT GHAZIPUR,,Ghazipur,Ghazipur,Uttar Pradesh,9415806696,manshaitc@gmail.com,69
PR09001306,Mata Parkali Devi ITC - Ghazipur,P,unkrawnjakhania gazipur,,Ghazipur,Ghazipur,Uttar Pradesh,9415848449,bnbraj44@gmail.com,64
PR09000512,Mata Shanti Private ITC - Ghazipur,P,VILL- BABHANAULI KALAN POST- RAMPUR DIST- GHAZIPUR,,Ghazipur,Ghazipur,Uttar Pradesh,9415653673,yogendraksy@gmail.com,27
PR09000502,Mo. Saquib Private ITC - Ghazipur,P,GORABAZAR GHAZIPUR,,Ghazipur,Ghazipur,Uttar Pradesh,9415350082,piti2132@updte.org,26
PR09001412,N. I. C. E. Private ITC - Ghazipur,P,"Infront of DM Banglow, Peer Nagar, Ghazipur, U.P.",,Ghazipur,Ghazipur,Uttar Pradesh,05482224324,director@ncmet.com,70
PR09001168,National ITC - Ghazipur,P,Fullanpur Ghazipur,,Ghazipur,Ghazipur,Uttar Pradesh,9473800006,nationalitc86@yahoo.in,58
PR09000718,"Nav Bharti Private ITC , - Ghazipur",P,KHANPUR RAGHUBAR JAKHANIAN GHAZIPUR(U.P.) PIN 2752,,Ghazipur,Ghazipur,Uttar Pradesh,9453282200,navbhartiitc@gmail.com,37
PR09000839,Panmati ITC - Ghazipur,P,VILL-UCHURI POST SEKHANPUR GHAZIPUR U.P,,Ghazipur,Ghazipur,Uttar Pradesh,9450721162,randhirsinghgzp@gmail.com,42
PR09000221,Purvanchal ITC - Ghazipur,P,"vill- Amwa, Po- Lilapur, Ghazipur",,Ghazipur,Ghazipur,Uttar Pradesh,05482900090,ppiti1668@gmail.com,11
PR09000543,R. K. Private ITC - Ghazipur,P,"VILL- KISHUNIPUR, POST-ZAMANIA, DISTT.- GHAZIPUR",,Ghazipur,Ghazipur,Uttar Pradesh,05497252411,rkiti@zamania.co.in,29
PR09001175,Raj Kishor Singh ITC - Ghazipur,P,Baruin Zamania Ghazipur,,Ghazipur,Ghazipur,Uttar Pradesh,9415363885,bbicbaruin@yahoo.in,58
PR09000235,Raja Ram Smriti National ITC - Ghazipur,P,Chandpur Khanpur Ghaipur,,Ghazipur,Ghazipur,Uttar Pradesh,09839737457,rrsitte@gmail.com,12
PR09000312,Rajan Private ITC - Ghazipur,P,VILL & POST BASUPUR DISTT GHAZIPUR,,Ghazipur,Ghazipur,Uttar Pradesh,9415680291,ms.saumya2000@rediffmail.com,16
PU09001654,Ram Doot ITI - Ghazipur,P,MISHRAWALIYA RAUZA GHAZIPUR,,Ghazipur,Ghazipur,Uttar Pradesh,9889989565,ramdootiti@gmail.com,88
PR09000474,Ram Lachchhan Pvt. ITC - Ghazipur,P,vill rajupur post SAMMANPUR GHAZIPUR U.P 233306,233306,Ghazipur,Ghazipur,Uttar Pradesh,9452166505,ramlachchanitcgzp@gmail.com,25
PR09000691,Ramakanat Private ITC - Ghazipur,P,Ramakanat Private ITC - Ghazipur,,Ghazipur,Ghazipur,Uttar Pradesh,9532000443,raimanoj790@gmail.com,35
PR09001054,Ramjet Institute of Engineering & Technology Private ITC - Ghazipur,P,"TANAWA KHANPUR, GHAZIPUR",,Ghazipur,Ghazipur,Uttar Pradesh,9838166140,ramjitsansthan7000@gmail.com,53
GR09001146,Ramnath Munshi Private Itc - Ghazipur,P,SADAT GHAZIPUR,,Ghazipur,Ghazipur,Uttar Pradesh,9415838111,rmiti2014@rediffmail.com,1
PR09000243,Reshmi ITC - Ghazipur,P,"Ataria, Dharammarpur, Ghazipur (U.P.)",,Ghazipur,Ghazipur,Uttar Pradesh,09415452803,reshamigroup@gmail.com,12
PR09000140,S. Ali National Industrial Trainig Centre & Vocational Training Centre Jakh - Ghazipur,P,Jakhania Ghazipur,,Ghazipur,Ghazipur,Uttar Pradesh,9415280786,aamirali7742@gmail.com,8
PR09000856,S.B. ITC - Ghazipur,P,SAHNINDA MOHAMMDABAD GHAZIPUR,,Ghazipur,Ghazipur,Uttar Pradesh,9839987643,bajarangitc@gmail.com,43
PR09001145,Sarthak ITC - Ghazipur,P,Mohan Lal Ka Pokhara Rauza Ghazipur,,Ghazipur,Ghazipur,Uttar Pradesh,9415345073,bmupadhyay54480@gmail.com,57
PR09001247,Sati Anusuiya ITC - Ghazipur,P,VILL.-MEDANIPUR POST- MEDANIPUR DISTT.-GHAZIPUR,,Ghazipur,Ghazipur,Uttar Pradesh,9415250102,satianshuiya@gmail.com,61
PR09001242,Satyam ITC - Ghazipur,P,"DEVI DAYAL MARG, LODIPUR, ZAMANIA, GHAZIPUR",,Ghazipur,Ghazipur,Uttar Pradesh,8737000309,satyam_inst@yahoo.com,61
PR09001261,Satyam ITC - Ghazipur,P,"RATANPUR,DULLAHAPU R-GHAZIPUR",,Ghazipur,Ghazipur,Uttar Pradesh,9839752801,satyam.itc.dl@gmail.com,62
PR09001061,Shahzada Private ITC - Ghazipur,P,bahuara dildarnagar ghazipur up,,Ghazipur,Ghazipur,Uttar Pradesh,9336450626,manager@shahzadaiti.in,53
PR09000363,Shanti Devi Prayag Private ITC - Ghazipur,P,SEMRA MANIHARI GHAZIPUR,,Ghazipur,Ghazipur,Uttar Pradesh,8004392268,santidevigzp@gmail.com,19
PR09001086,Shanti Devi Private ITC - Ghazipur,P,VILL CHAK MASUD MUDERA POST NONAHARA DIST GHAZIP,,Ghazipur,Ghazipur,Uttar Pradesh,9919257309,shyamkarany@gmail.con,54
PR09000444,Shanti Private ITC - Ghazipur,P,VILL JAMUNA DEVA MAU RAOD JANGIPUR DISTT GHAZIPUR,,Ghazipur,Ghazipur,Uttar Pradesh,9889135056,shantiitigzp@gmail.com,23
PR09000883,Shiv Baba ITC - Ghazipur,P,VILL NASIRPUR POST HANSRAJPUR DIST GHAZIPUR,,Ghazipur,Ghazipur,Uttar Pradesh,9616671421,shivbabaiti@yahoo.com,44
PR09000515,Shivkumar Rai Private ITC - Ghazipur,P,"karimuddinpur distt ghazipur , u.p.",,Ghazipur,Ghazipur,Uttar Pradesh,9415209031,shivkumarraiitc@rediffmail.com,27
PR09000927,Shri Baleshwar Pandey ITC - Ghazipur,P,"CHHAWANI LINE,GHAZIPUR(UP).",,Ghazipur,Ghazipur,Uttar Pradesh,9415972708,jitendra4977059@gmail.com,46
PR09001420,Shri Ram Soorat National Private ITC - Ghazipur,P,SAUNA SAIDPURGHAZIPUR,,Ghazipur,Ghazipur,Uttar Pradesh,9984849484,rudrakumar067@gmail.com,71
PR09001396,Shrivatsa Private ITC - Ghazipur,P,"Vill- Sisaur, Po- Sauram, Ghazipur",,Ghazipur,Ghazipur,Uttar Pradesh,9919755558,ahandshiv2003@yahoo.com,69
PR09000252,Sri Bajrang ITC - Ghazipur,P,LODIPUR ZAMANIA KASBA GHAZIPUR,,Ghazipur,Ghazipur,Uttar Pradesh,9839987643,bajarangitc@gmail.com,13
PR09001156,Sri Krishna I T I - Ghazipur,P,VILL AND POST- HOLIPUR SAIDPUR DISTT-GHAZIPUR,,Ghazipur,Ghazipur,Uttar Pradesh,9453518181,vinayyadavghazipur@gmail.com,57
PR09001148,Subedar Singh ITC - Ghazipur,P,"Vill-Kadipur,po- Basudeopur,Dist- Ghazipu",,Ghazipur,Ghazipur,Uttar Pradesh,9415209122,subedarsinghitc@gmail.com,57
PR09001377,Swami Vivekanand National Private ITC - Ghazipur,P,KHANPUR GHAZIPUR,,Ghazipur,Ghazipur,Uttar Pradesh,9984354121,svniti4@gmail.com,68
PR09000250,U.P ITC - Ghazipur,P,"VILL-ADARSH GAON, POST-HUSAINPUR, DIST- GHAZIPUR U.",,Ghazipur,Ghazipur,Uttar Pradesh,9450719333,upitcgzp@yahoo.com,13
PU09001669,Vijay Private ITC - Ghazipur,P,"FATEHPUR SIKANDAR, POST-BIKAPUR, DISTT.- GHAZIPUR",,Ghazipur,Ghazipur,Uttar Pradesh,7408858112,vijaypitigzp@ymail.com,88
PR09000654,D.P.Pandey Private ITC - Gonda,P,Village:Bagdar GrantPost:Sabarpur District: Gonda,,Gonda,Gonda,Uttar Pradesh,9839607020,rajivpandeyusa@yahoo.com,33
PR09001527,Deendayal ITI - Gonda,P,DEENDAYAL SODH SANSTHAN GANDHI PARK,,Gonda,Gonda,Uttar Pradesh,9839794929,itidrigonda2013@gmail.com,74
PR09000736,Jagdambasharan Singh Private ITC [8387] - Gonda,P,JAGDAMBA SARAN SINGH PRIVATE I T I BELSAR GONDA,,Gonda,Gonda,Uttar Pradesh,9415458212,dr.brijlalsingh@gmail.com,38
PR09000651,Janta Private ITC - Gonda,P,BABHNAN PO SUGAR MILL BABHNAN GONDA,,Gonda,Gonda,Uttar Pradesh,9648928883,office@jantaitibabhnan.org,33
PR09001356,Modern ITC - Gonda,P,"VILL- VIMOUR,BHARAICH ROAD GONDA",,Gonda,Gonda,Uttar Pradesh,9839306741,piti1277@gmail.com,67
PR09001789,"Narendra Memorial Private , Ismilpur, Gonda",P,"NMITI,ISMILPUR,PURE SHIVDAYALGANJ, GONDA",,Gonda,Gonda,Uttar Pradesh,8052000024,nmitc.in@gmail.com,82
PR09000948,Pandit Deendayal Upadhaya ITC - Gonda,P,"Civil Line, Visnupuri coloney Gonda",,Gonda,Gonda,Uttar Pradesh,9415534167,piti1317gonda@gmail.com,47
PR09001031,Savita Private ITC - Gonda,P,JANKI NAGAR GONDA,,Gonda,Gonda,Uttar Pradesh,9919800824,arvind_seeta@rediffmail.com,52
PR09001135,Shri Maa Audyogic Prashikashan Kendra - Gonda,P,"GAYATRIPURAM, CIVIL LINE, GONDA",,Gonda,Gonda,Uttar Pradesh,9532791233,piti1247.gnd@gmail.com,56
PR09000601,AM College of Higher Education & Private ITC - Gorakhpur,P,Vill Basdeopur Post Dhuriapar Tehseel Gola Dist,,Gorakhpur,Gorakhpur,Uttar Pradesh,9839143638,s.arizvi@yahoo.com,31
PR09001714,"Ashok Private ITC, - Gorakhpur",P,"Ashok Pvt I.T.I. Barhaipurwa-Dhebra Bazar, Post-Ah",,Gorakhpur,Gorakhpur,Uttar Pradesh,7376044118,aky33_vp@yahoo.com,79
PR09001198,Baba Yogendra Dev ITC - Gorakhpur,P,VIVEK PURAM TARAMANDAL GORAKHPUR,,Gorakhpur,Gorakhpur,Uttar Pradesh,9415846764,byd1772@gmail.com,59
PR09000445,Babu Goverdhan Chand Bachcha Chand Private ITC - Gorakhpur,P,ONAPAR BELGHAT GORAKHPUR UP 273404,273404,Gorakhpur,Gorakhpur,Uttar Pradesh,9451956678,shivajichandkaushik@gmail.com,23
PR09000531,Babu Jangi Singh Durga Singh Private ITC - Gorakhpur,P,"VILL AND POST - BARHYA CHOWK, PIPIGANJ GORAKHPUR",,Gorakhpur,Gorakhpur,Uttar Pradesh,09415362550,ajaykumarsingh.harsh@gmail.com,28
PR09001364,Babu Lal Singh Ji Private ITC - Gorakhpur,P,7/11 humayupur gorakhnath gorakhpur,,Gorakhpur,Gorakhpur,Uttar Pradesh,8081501082,singhmanas9415@gmail.com,68
PR09001301,"CAPITAL PVT. I.T.I - Cinema Road, Gorakhpur (U.P)",P,"CINEMA ROAD, GOLGHAR, GORAKHPUR",,Gorakhpur,Gorakhpur,Uttar Pradesh,05512201034,shobhacapitaliti@gmail.com,64
PU09001718,Classic Private ITC - Gorakhpur,P,Vikash Nagar Vistar Bargadwan Gorakhpur,,Gorakhpur,Gorakhpur,Uttar Pradesh,9415313557,classsiciti@gmail.com,89
PR09001284,Ganesh ITC - Gorakhpur,P,IN FRONT OF RAPTI COMPLEX BHEDIAGARH POST-GITA WAT,,Gorakhpur,Gorakhpur,Uttar Pradesh,9451043838,skagrahari001@rediffmail.com,63
PR09001380,Ganga Prabha Private ITC - Gorakhpur,P,"VILL-SISWA, POST- SONBASA BABU, KHAJANI, GORAKHPUA",,Gorakhpur,Gorakhpur,Uttar Pradesh,9794840324,smbs143.sm@gmail.com,68
PR09000418,Ganpati Private ITC - Gorakhpur,P,RAPTINAGAR GORAKHPUR,,Gorakhpur,Gorakhpur,Uttar Pradesh,8922908843,ganpatiitc52@gmail.com,22
PU09001831,"Gayatri Devi Private ITI , Fertilizer East Gate, Gorakhpur",P,"Gayatri Devi Private ITI , Fertilizer East Gate, G",,Gorakhpur,Gorakhpur,Uttar Pradesh,9415670602,piti2586@vppup.in,91
PU09001640,Gridhari Chaudhari Industrial Training Centre - Gorakhpur,P,"ANDHIYARI BAG, GORAKHNATH GORAKHPUR",,Gorakhpur,Gorakhpur,Uttar Pradesh,9415853655,manas_b4u@yahoo.co.in,87
PR09000158,Gulab Anjani Choudhri ITC - Gorakhpur,P,SONAULI ROAD MOHARIPUR GORAKHPUR,,Gorakhpur,Gorakhpur,Uttar Pradesh,9415853655,manas_b4u@yahoo.co.in,8
PR09001283,Jagdamba Private ITC - Gorakhpur,P,"KUSMI BAZAR, GORAKHPUR",,Gorakhpur,Gorakhpur,Uttar Pradesh,8400848685,chandan.yaduvansi123@gmail.com,63
PR09001772,"Janki Private ITI , Baidauli, Gaurkhash, Gorakhpur",P,"VILL-BADIAULI,POST- GAURKHASH,GORAKHP UR",,Gorakhpur,Gorakhpur,Uttar Pradesh,9621946296,jpiti.india@gmail.com,82
PR09001708,"Kalash Private ITI , - Gorakhpur",P,VIVEK PURAM TARAMANDAL GORAKHPUR,,Gorakhpur,Gorakhpur,Uttar Pradesh,9415846764,kalashiti@gmail.com,78
PR09001368,Karam Private ITC - Gorakhpur,P,CHATRADHARI (LALGANJ) GORAKHPUR,,Gorakhpur,Gorakhpur,Uttar Pradesh,7607609955,karamiti2012@gmail.com,68
PR09000994,Mahanagar Private ITC - Gorakhpur,P,"MAHANAGAR PRIVATE ITI,BANGAI(BANGALAP URAM),POST-JH",,Gorakhpur,Gorakhpur,Uttar Pradesh,9415800151,mahanagariti@gmail.com,50
PU09001663,Mahanagar Private ITC - Gorakhpur,P,"RAJENDRA NAGAR EAST, FRONT OF UNION BANK",,Gorakhpur,Gorakhpur,Uttar Pradesh,9838385270,arunesh.vnbp@gmail.com,88
PR09000725,Maharana Pratap Private ITI - Gorakhpur,P,urvarak nagar bargadwa gorakhpur,,Gorakhpur,Gorakhpur,Uttar Pradesh,9453514063,purusottam1981@gmail.com,37
PR09001353,Mahatma Gandhi ITC - Gorakhpur,P,"KHANIMPUR, NAGWA, GORAKHPUR",,Gorakhpur,Gorakhpur,Uttar Pradesh,9415463581,mgpiti1823@gmail.com,67
PR09000182,Neena Thapa Suhash Pvt ITI - Gorakhpur,P,"NEENA THAPA SUHASH PITI, GORAKHPUR CANTT GORAKHPUR",,Gorakhpur,Gorakhpur,Uttar Pradesh,9838024918,rama.edu@gmail.com,9
PR09000600,New Lal Bahadur Shastri Private ITC - Gorakhpur,P,"Vill-Mehrauli,Post- Dwarpar,Dist- Gorakhpur",,Gorakhpur,Gorakhpur,Uttar Pradesh,9451737441,avadhesh1589@yahoo.in,31
PR09000366,Phoolmati Devi Pvt. ITI - Gorakhpur,P,JANGAL DHUSHAR PADRI BAZAR GORAKHPUR,,Gorakhpur,Gorakhpur,Uttar Pradesh,9956680252,abhaykumarsingh77424@gmail.com,19
PR09000347,Pitambar Chaudhary Private ITC - Gorakhpur,P,SONAULI ROAD MOHARIPUR GORAKHPUR,,Gorakhpur,Gorakhpur,Uttar Pradesh,9415853655,manas_b4u@yahoo.co.in,18
PR09000787,Pt. Thakur Prasad Tripathi Industrial Training Centre - Gorakhpur,P,392A New colony shahpur Gorakhpur 273306,273306,Gorakhpur,Gorakhpur,Uttar Pradesh,9451672722,antripathi95@gmail.com,39
PR09001768,"RDS Private ITI , Sahsi hardichak, Gorakhpur",P,Vill - Sahasi Post - Hardichak Distt - Gorakhpur,,Gorakhpur,Gorakhpur,Uttar Pradesh,9839294038,rdsiti@gmail.com,81
PR09000575,Rajkiya Industrial Training Centre - Gorakhpur,P,LAL DIGGI PARK GORAKHPUR,,Gorakhpur,Gorakhpur,Uttar Pradesh,05512334870,gkpms123@gmail.com,29
PR09000623,Rajkumari Prabha Rawat Private ITC - Gorakhpur,P,jiniha bhiti rawat sahjanwa gorakhpur,,Gorakhpur,Gorakhpur,Uttar Pradesh,9935950081,rajkumariprabharawat@gmail.com,32
PR09000944,Rajprabha ITC - Gorakhpur,P,"Bangai(Raj Nagar) Po- Jhungiya Bazar Medical Road,",,Gorakhpur,Gorakhpur,Uttar Pradesh,9452305058,rajprabhaiti@gmail.com,47
PR09001386,Rama Shankar Mishra Private ITC - Gorakhpur,P,"Vill-Matihani post- parasia, Barhalganj Dist- Gorakh",,Gorakhpur,Gorakhpur,Uttar Pradesh,9451350730,rahulkumar15.mishra@gmail.com,69
PR09000524,Reshma Devi Niji Private ITC - Gorakhpur,P,Reshma Devi Niji Private ITC - Gorakhpur,,Gorakhpur,Gorakhpur,Uttar Pradesh,9415141068,rditi.info@gmail.com,28
PR09001543,"Rudra Dheeraj Pvt. ITI Sahjanwa ,Gorakhpur 273209 - Gorakhpur",P,Rudra Dheeraj Pvt. I T I SAHJANWA GORAKHPUR,,Gorakhpur,Gorakhpur,Uttar Pradesh,9918417464,rdps12345@gmail.com,74
PR09000350,SOLANKI PVT. I.T.I. SAHJANWA GORAKHPUR U.P. 273209 () - Gorakhpur,P,"SOLANKI PVT I.T.I.SAHJANWA, GORAKHPUR, U.P.",,Gorakhpur,Gorakhpur,Uttar Pradesh,8858444474,solankiiti@yahoo.com,18
PR09001298,Sarvodaya ITC - Gorakhpur,P,SARVODAY PVT.ITI SAHJANWA GORAKHPUR,,Gorakhpur,Gorakhpur,Uttar Pradesh,9415335753,shrawan03kumar@gmail.com,64
PR09001664,Shagun Private ITC - Gorakhpur,P,Shagun Private ITC - Gorakhpur,,Gorakhpur,Gorakhpur,Uttar Pradesh,8005335004,shaguneducational@rediffmail.com,77
PR09001782,"Sheetla Devi Private ITI, Rudrapur Kusmi, Gorakhpur",P,"SHEETLA DEVI P ITI, RUDRAPUR, KUSMI BAZAR, GORAKHP",,Gorakhpur,Gorakhpur,Uttar Pradesh,9889761490,rama.edu@gmail.com,82
PU09001769,"Shobha Capital Private ITI , Karim Nagar, Chargawan, Gorakhpur",P,"Shobha Capital ITI Karim Nagar, Near Rail Vihar",,Gorakhpur,Gorakhpur,Uttar Pradesh,9415246139,shobhacapitaliti@gmail.com,90
PR09001391,Shri Gurukul Private ITC - Gorakhpur,P,dadari,,Gorakhpur,Gorakhpur,Uttar Pradesh,9838880555,bipin.shahi574@gmail.com,69
PR09000492,Shri Sai Private ITC - Gorakhpur,P,NAKAHA NO 2 GORAKHPUR,,Gorakhpur,Gorakhpur,Uttar Pradesh,8858173168,skagrahari001@rediffmail.com,26
PR09001294,Simirata Devi ITI - Gorakhpur,P,"AHIROULEE,SARAHARE E,GORAKHPUR",,Gorakhpur,Gorakhpur,Uttar Pradesh,9453514063,purusottam1981@gmail.com,64
PR09000766,Sri Lal Bahadur Shastri ITC - Gorakhpur,P,Gola Bazar Gorakhpur,,Gorakhpur,Gorakhpur,Uttar Pradesh,05525231318,arunkumar9032@gmail.com,38
PR09000699,Subhash Chandra Bosh Private ITI - Gorakhpur,P,GOLA BAZAR GORAKHPUR NEAR OLD PETROL PUMP,,Gorakhpur,Gorakhpur,Uttar Pradesh,9415009271,scbitc2396@gmail.com,36
PR09001655,V.N.P Private ITC - Gorakhpur,P,V.N.P Private ITC - Gorakhpur,,Gorakhpur,Gorakhpur,Uttar Pradesh,9838385270,arunesh.vnbp@gmail.com,77
PR09001181,V.S.A.V ITC - Gorakhpur,P,"VSAV ITC GOLA , GORAKHPUR",,Gorakhpur,Gorakhpur,Uttar Pradesh,9415092224,piti1757@updte.org,58
PR09000343,Vardan Private ITC - Gorakhpur,P,SONAULI ROAD MOHARIPUR GORAKHPUR,,Gorakhpur,Gorakhpur,Uttar Pradesh,9415853655,manas_b4u@gmail.com,18
PR09000513,Vijay Private ITC - Gorakhpur,P,VILL-CHIKANIA POST- GOLABAZAR DISTT- GORAKHPUR U.P.,,Gorakhpur,Gorakhpur,Uttar Pradesh,09838693596,vijaypiti@india.com,27
PR09000834,Vishwa Bharti ITC - Gorakhpur,P,F.C.I Road Urvarak Nagar Gorakhpur,,Gorakhpur,Gorakhpur,Uttar Pradesh,9415313557,vishwabhartiiti@gmail.com,41
PU09001731,"Brijesh Memorial Private ITI , Bharwa Sumerpur, Hamirpur U.P. - Hamirpur",P,SUMERPUR-HAMIRPUR,,Hamirpur,Hamirpur,Uttar Pradesh,9305331732,nitegroupkanpur@gmail.com,89
PR09000843,Ragunandan Singh ITC - Hamirpur,P,"Near Old Civil Surgen Bungalow, Taraus- Rameri Dis",,Hamirpur,Hamirpur,Uttar Pradesh,8545010585,rspiti1402@gmail.com,42
PU09001636,Bhiwaniya Institute of Information Technology Private ITC - Hapur,P,mohit puram nhear railway crossing garh road hapur,,Hapur,Hapur,Uttar Pradesh,98974804941,bhiwaniyaiti@gmail.com,87
PR09001623,"Champa Industrial Training Institute Dholana, HAPUR - Hapur",P,"vpo dhaulana, distt Hapur",,Hapur,Hapur,Uttar Pradesh,9410649100,piti1484@gmail.com,75
PU09001621,"INDIRA GANDHI MEMORIAL I.T.I., DELHI ROAD, HAPUR [INS. CODE: ]",P,"DELHI ROAD, HAPUR- 245101 (U.P.)",245101,Hapur,Hapur,Uttar Pradesh,9837043081,itihapur@yahoo.com,87
PU09001624,"INDIRA GANDHI NATIONAL I.T.I, DELHI ROAD, HAPUR [INS. CODE: ]",P,"DELHI ROAD, HAPUR- 245101 (U.P.)",245101,Hapur,Hapur,Uttar Pradesh,9837043081,ignitihapur@gmail.com,87
PR09001659,"Idea I.T.I., Pilakhuwa, Gaziabad",P,"Delhi Garh Road, 40 Mile Stone, Pilakhuwa, Hapur",,Hapur,Hapur,Uttar Pradesh,7417111141,piti1954@gmail.com,77
PR09001635,"Kamla I.T.I., Vill- Bhatiyana , Distt- Hapur - Hapur",P,Vill+Post Bhatiyana Hapur,,Hapur,Hapur,Uttar Pradesh,8009121112,kpsinghgzb@gmail.com,76
PR09001633,Mahatma Gandhi ITC - Hapur,P,"Mahatma Gandhi ITI, nanpur, Garhmuteshwar,HAPUR .",,Hapur,Hapur,Uttar Pradesh,9319312879,itimahatmagandhi@gmail.com,76
PU09001634,"Meghnath Singh Shishodia Memo. ITI, RanaGarh, Pilkhuwa, Hapur - Hapur",P,"RANAGARH, PILKHUWA, N.H 24 HAPUR",,Hapur,Hapur,Uttar Pradesh,9719102550,mssmitc@gmail.com,87
PR09001806,"NOIDA INTERNATIONAL PRIVATE ITI DHAULANA, HAPUR",P,"DHERAKUTI GARMUKHTESHWER, DIST-HAPUR ,U.P.",,Hapur,Hapur,Uttar Pradesh,9871595172,noidaipiti@gmail.com,83
PU09001639,Sardar Singh Private ITC - Hapur,P,garh siyana road bhaina garh muktsehwar hapur,,Hapur,Hapur,Uttar Pradesh,09458690543,piti1617@gmail.com,87
PU09001829,"Satyam Private ITI ,Naya Gaon Villager Anwarpur, Hapur",P,"Naya Gaon Road, Anwerpur, Hapur",,Hapur,Hapur,Uttar Pradesh,9891512398,rupesh.goel1@gmail.com,91
PR09001662,Shree Radha Krishna Private ITC - Hapur,P,VILL KASTLA KASMABAD KI MANDHIYA POST KASTLA KASMA,,Hapur,Hapur,Uttar Pradesh,9997390663,shriradhakrishnaiti@gmail.com,77
PR09001791,"Munna Lal Verma Memorial Private ITI , Gangarampur, Mallawan, Hardoi",P,Mallawan Hardoi,,Hardoi,Hardoi,Uttar Pradesh,9415214346,kaminidin@gmail.com,83
PR09000428,Rajwati Private ITI - Hardoi,P,RAJWATI PRIVATE ITI EKNAURA HARPALPUR HARDOI,,Hardoi,Hardoi,Uttar Pradesh,9415790943,baijnath295@gmail.com,22
PR09000603,"Subhash Chandra Bose Pvt ITI, - Hardoi",P,"MALLAWAN RAGHAUPUR ROAD,HARDOI",,Hardoi,Hardoi,Uttar Pradesh,9454621566,www.scbcolleges@gmail.com,31
PR09000677,Thakur Deep Singh Private ITI - Hardoi,P,PHIANI CHUNGEE ABDUL PURWA HARDOI,,Hardoi,Hardoi,Uttar Pradesh,9415775997,singhvinayp2@gmail.com,35
PR09001798,"Gajanan Private ITI , Mai khandauli Sadabad, Hathras",P,MAI SADABAD HATHRAS,,Hathras,Hathras,Uttar Pradesh,9719392635,gajananiti@gmail.com,83
PR09000433,Ganga Prasad Memorial Pvt. ITI - Hathras,P,isonda road manik pur jalesar road hatharas,,Hathras,Hathras,Uttar Pradesh,05661233588,gpmss2011@gmail.com,23
PR09000315,Jai Shiv Private ITI - Hathras,P,vill-chandpa post - meetai distt-hathras,,Hathras,Hathras,Uttar Pradesh,9458087002,abhi.sharma0501@gmail.com,16
PR09000094,Kanya Gurkul Private ITC - Hathras,P,"Po.-Kanya gurukul, Sasni, Distt.-Hathras",,Hathras,Hathras,Uttar Pradesh,9258040119,info@kanyagurukul.in,5
PU09001596,Khachermal Sarswat Private ITC - Hathras,P,sadabad Hathras (U.P.),,Hathras,Hathras,Uttar Pradesh,9758202698,kms_itcsadabad@rediffmail.com,86
PU09001799,"MAA PARVATI PRIVATE ITI BANKA MURSAN, HATHRAS",P,BLOCK ROAD BANKA MURSAN HATHRAS,,Hathras,Hathras,Uttar Pradesh,9719539186,singhjp602@gmail.com,90
PR09000613,Maa Revati Devi Private ITI - Hathras,P,D.M. AWAS ROAD MURSAN HATHRAS,,Hathras,Hathras,Uttar Pradesh,9719539186,info.jp07@gamil.com,31
PR09001330,R.P. ITC - Hathras,P,VILL-BUDHAICH POST JALESAR ROAD HATHRAS,,Hathras,Hathras,Uttar Pradesh,9412169705,231765@gmail.com,66
PR09001440,R.S. INDUSTRIAL TRAINING CENTRE - Hathras,P,75 shri radhey vihar shastripuram agra,,Hathras,Hathras,Uttar Pradesh,7895252555,manojsingh789@yahoo.com,72
PR09000924,"Ram Swaroop (P) Industrial Training Institute Rati ka Nagla, Hathras - Hathras",P,RATI KA NAGLA HATHRAS,,Hathras,Hathras,Uttar Pradesh,9456876635,rsiti6635@gmail.com,46
PR09001601,Sri Giriraj Dhawan Private ITC - Hathras,P,Sri Giriraj Dhawan Private ITC - Hathras,,Hathras,Hathras,Uttar Pradesh,9411063034,yogi.thenua163@gmail.com,75
PR09001605,Sri Raghav Private ITC - Hathras,P,"Badhar Chauraha, Hathras Road Sadabad",,Hathras,Hathras,Uttar Pradesh,8006000106,rbgautamiti@gmail.com,75
PR09000124,Sri Ram Rastriya Private ITC - Hathras,P,"VILL-MAN MAHOW, POST- MAHOW, DIST. HATHRAS",,Hathras,Hathras,Uttar Pradesh,8057257833,puspendra280@gmail.com,7
PR09001824,"VS PRIVATE ITI ALAMPUR, HATHRAS",P,"HOUSE NO. 66, SECTOR 55, BALLABGARH",,Hathras,Hathras,Uttar Pradesh,09891466715,vs.pvtiti@gmail.com,84
PR09000629,Rajeev Talwar Private ITC - Jalaun,P,village chacheda konch jalaun,,Jalaun,Jalaun,Uttar Pradesh,9919940777,talwar31@gmail.com,32
PR09001229,S.D Shastri Private ITC - Jalaun,P,"new patel nagar ,orai",,Jalaun,Jalaun,Uttar Pradesh,8953960170,sdshastri2@gmail.com,60
PR09001257,"S.R. ITC, Jalaun - Jalaun",P,KANSHRAM COLONLY ORAI,,Jalaun,Jalaun,Uttar Pradesh,9415592088,srcollege.orai@gmail.com,62
PR09000198,"Adarsh ITC, Jaunpur - Jaunpur",P,"C-5, SADBHAWANA COLONY, UMARPUR, HARIBANDHANPUR, M",,Jaunpur,Jaunpur,Uttar Pradesh,9415163339,adarshkumarsharmamahiya@gmail.com,10
PR09000227,"Agardi Prasad Yadav ITC BHADI - SHAHGANJ,JAUNP UR - Jaunpur",P,BHADI SHAHGANJ JAUNPUR UP,,Jaunpur,Jaunpur,Uttar Pradesh,9839772297,jsyadav222@gmail.com,11
PR09001194,Alhind ITC zafarabad jaunpur - Jaunpur,P,NASAHI ZAFARABAD JAUNPUR UP,,Jaunpur,Jaunpur,Uttar Pradesh,8115156310,sarafarazkhan572@gmail.com,59
PR09001161,Amarawati Devi ITC - Jaunpur,P,"MILKOPUR, SIDDIQPUR JAUNPUR",,Jaunpur,Jaunpur,Uttar Pradesh,9506822037,piti1741@updte.org,58
PR09000447,Asha Pvt. ITC - Jaunpur,P,LAKHANPUR NEAR SHITALA CHAUKIA JAUNPUR,,Jaunpur,Jaunpur,Uttar Pradesh,9889991833,ashaitijaunpur@gmail.com,24
PR09001182,Ashok Dubey ITC - Jaunpur,P,sarsara barasathi jaunpur,,Jaunpur,Jaunpur,Uttar Pradesh,9450608713,saurabhdubey84@gmail.com,58
PR09000797,BAIJNATH SINGH INDUSTRIAL TRAINING CENTRE - Jaunpur,P,"VAN VIHAR ROAD, KANHAIPUR, JAUNPUR UTTAR PRADESH",,Jaunpur,Jaunpur,Uttar Pradesh,9451773676,bnspvtiti1651@gmail.com,40
PR09001246,Baba Ganesh Dutta Audogik Kendra ITC - Jaunpur,P,RATTIPUR JAUNPUR,,Jaunpur,Jaunpur,Uttar Pradesh,9956975101,piti1783@vppup.in,61
PR09000519,Baldev Prasad Shukla Private ITC - Jaunpur,P,"UDPUR GELHAVA, TAKHAGANJ, BADLAPUR, JAUNPUR",,Jaunpur,Jaunpur,Uttar Pradesh,9451161952,piti2367@updte.org,27
PR09000964,Basanti Devi Audyogik Prashikshan Kendra Kauria - Jaunpur,P,PAKKA POKHARA SHAHGANJ JAUNPUR,,Jaunpur,Jaunpur,Uttar Pradesh,9451374048,diwakarmishraiti@gmail.com,48
PR09000349,Bhagwati Prasad Yadav Private ITC - Jaunpur,P,Vill- Bhikharipur PO- Tilaura Dist- Jaunpur,,Jaunpur,Jaunpur,Uttar Pradesh,9452944456,rajesh.bpy@gmail.com,18
PR09001073,Chandra Devi Private Audyogik Prashikshan Kendra - Jaunpur,P,VILL RAJEPUR POST KAJGAON JAUNPUR,,Jaunpur,Jaunpur,Uttar Pradesh,9918742899,yadav10789@gmail.com,54
PR09000695,Chandrabhan Singh Private ITC - Jaunpur,P,TRILOCHAN MAHADEV JAUNPUR,,Jaunpur,Jaunpur,Uttar Pradesh,9415720031,piti2058@gmail.com,36
PR09000157,Devendra Nath Singh ITC - Jaunpur,P,LALA BAZAR JAUNPUR,,Jaunpur,Jaunpur,Uttar Pradesh,7800783266,piti1697@vppup.in,8
PR09001153,Dr. Aboo Mohammed PITI - Jaunpur,P,SUKKHIPUR JAUNPUR,,Jaunpur,Jaunpur,Uttar Pradesh,9415234384,singh.iti@gmail.com,57
PR09000681,Dr. Nawabsingh Private ITC - Jaunpur,P,KANHIPUR (BHUPATIPATTI) VAN VIHARROAD JAUNPUR,,Jaunpur,Jaunpur,Uttar Pradesh,05452220544,drnawabsinghiti@gmail.com,35
PR09000060,Dr. Satya Deo Singh Industrial Training Centre Vill Aharpur Post Jamuniya - Jaunpur,P,"VILL-AHARPUR,POST- JAMUNIYA,DIST- JAUNPUR",,Jaunpur,Jaunpur,Uttar Pradesh,9415651771,dr.s.d.iti@gmail.com,3
PR09000218,Durgawati ITC - Jaunpur,P,Vill Dalhanpur Post Siddiqpur District Jaunpur,,Jaunpur,Jaunpur,Uttar Pradesh,9839722821,durgawati.itc.jnp@gmail.com,11
PR09000577,"Gajraj Singh Audyogik Prashikshan Sansthan, Jamuniya - Jaunpur",P,"VILL&POST- JAMUNIYA,DIST- JAUNPUR(UP)",,Jaunpur,Jaunpur,Uttar Pradesh,9415635210,gajrajiti.j@gmail.com,29
PR09000583,Gajraj Singh Smriti Industrial Training Centre - Jaunpur,P,Vill & Post- Jamuniya Dist- Jaunpur U.P.,,Jaunpur,Jaunpur,Uttar Pradesh,9415635210,gajrajssiti@gmail.com,30
PR09000926,HAKIM ZAHIR HAIDER NUMANI PVT INDUSTRIAL TRAINING CENTRE - Jaunpur,P,URDU FIROJSHAHPUR JAUNPUR,,Jaunpur,Jaunpur,Uttar Pradesh,9795960269,singh.iti007@gmail.com,46
PR09000511,Indra Ji Private ITC - Jaunpur,P,village - Rampur Post - sikrara dist - jaunpur,,Jaunpur,Jaunpur,Uttar Pradesh,08108585085,indrajiiti@yahoo.com,27
PR09000586,Indrapati Industrial Training Centre - Jaunpur,P,GAIRWAH SHAHGANJ JAUNPUR,,Jaunpur,Jaunpur,Uttar Pradesh,9984641555,satyam842@gmail.com,30
PR09000646,J. P. Memo. Hospital and Paira Medical - Jaunpur,P,LAXMI COMPLEX JAYCEES CROSSING JAUNPUR,,Jaunpur,Jaunpur,Uttar Pradesh,9839291194,drlaljipatel@yahoo.com,33
PR09000969,J.K ITC - Jaunpur,P,"VILLAGE MAHIMAPURDEEH, NAVPEDWA, JAUNPUR",,Jaunpur,Jaunpur,Uttar Pradesh,8423755333,jeet.251@rediffmail.com,48
PR09000132,JANHITKARI PVT ITI MAHARUPUR JAUNPUR - Jaunpur,P,SHANKARGANJ MAHARUPUR JAUNPUR,,Jaunpur,Jaunpur,Uttar Pradesh,9838220022,dpsiti@gmail.com,7
PR09001780,"JP Private ITI , Andiyar, Jaunpur",P,villege&post andiyar jaunpur,,Jaunpur,Jaunpur,Uttar Pradesh,9889603135,jpprivateiti@gmail.com,82
PR09000189,"Jagat Narayan Tiwari Pvt. ITI, JNP - Jaunpur",P,VILL BANSDEVPATTI POST SHITALGANJ MARIAHUN JAUNPUR,,Jaunpur,Jaunpur,Uttar Pradesh,9451625549,vinaykukartiwari@gmail.com,10
PR09000406,Jagdish Prasad Private ITC - Jaunpur,P,NARHAN KERAKAT JAUNPUR,,Jaunpur,Jaunpur,Uttar Pradesh,9889713713,vinayarus@gmail.com,21
PR09001022,Jai Bharat Private ITI - Jaunpur,P,VILL & POST USRAULI SUITHAKALAN SHAHGANJ JAUNPUR,,Jaunpur,Jaunpur,Uttar Pradesh,8127786521,jaibharat2010.iti@gmail.com,51
PR09000660,Kumar Private ITC - Jaunpur,P,VILLAGE SUITHAKHURD POST BISHUNPUR (SHAHGANJ) DI,,Jaunpur,Jaunpur,Uttar Pradesh,05224150500,shivamprince786@gmail.com,34
PR09000938,Lalita ITC - Jaunpur,P,vill- dahenv post- balawarganj dist- jaunpur,,Jaunpur,Jaunpur,Uttar Pradesh,8858621010,prakashtiwari@gmail.com,47
PR09000993,M.A. Shoeb Private ITI - Jaunpur,P,"SIPAH, CHACHAKPUR, JAUNPUR",,Jaunpur,Jaunpur,Uttar Pradesh,8423992332,prashantu1985@rediffmail.com,49
PR09001020,Maa Durga Private Technical & Management Private ITC - Jaunpur,P,"KUSAHAN LEWARUA, JAUNPUR",,Jaunpur,Jaunpur,Uttar Pradesh,9415697981,mditicollege@rediffmail.com,51
PR09001157,Maa Vaishno ITC - Jaunpur,P,VILL. & POST PASEWA KERAKAT JAUNPUR,,Jaunpur,Jaunpur,Uttar Pradesh,9415897474,maavaishnoitc@rediffmail.com,58
PR09000169,Madhuri Singh Smriti ITC prem prakash nagar jamuniya jaunpur - Jaunpur,P,"VILL-PREMPRAKASH NAGAR,POST- JAMUNIYA,DIST- JAUNPUR(",,Jaunpur,Jaunpur,Uttar Pradesh,9794543337,mssiti.j@gmail.com,9
PR09000496,Maharishi Moolchandra Yadav Private ITC - Jaunpur,P,VILL- NADAULI POST- KERAKAT DIST JAUNPUR,,Jaunpur,Jaunpur,Uttar Pradesh,9415653671,yogendraksy@gmail.com,26
PR09000501,Maulana Azad Private ITC - Jaunpur,P,jamin abdul khar jaunpur,,Jaunpur,Jaunpur,Uttar Pradesh,9415234384,singh.iti@gmail.com,26
PR09000698,"Mithila Devi Bhagauti Lal Pvt ITI , - Jaunpur",P,MIRAPUR SIROMANI JAUNPUR,,Jaunpur,Jaunpur,Uttar Pradesh,8005225978,ups6300@gmail.com,36
PR09000362,Nath Private ITC - Jaunpur,P,Post –Maharupur Jaunpur ( U.P.) Pin Code- 222180,222180,Jaunpur,Jaunpur,Uttar Pradesh,9838034135,dpsiti@gmail.com,19
PR09001275,Nawab Husain ITC - Jaunpur,P,kalapur jaunpur,,Jaunpur,Jaunpur,Uttar Pradesh,9450678317,singh.iti@gmail.com,63
PR09001339,Neelkanth ITC - Jaunpur,P,"Lalpur,Jalalpur,Jaunpur",,Jaunpur,Jaunpur,Uttar Pradesh,9918252777,piti1818@vppup.in,66
PR09001151,Nuruddin Khan ITC - Jaunpur,P,hamam drawaja,,Jaunpur,Jaunpur,Uttar Pradesh,9415234384,singh.iti@gmail.com,57
PR09001196,Parijat ITC - Jaunpur,P,JAGATGANJ JAUNPUR- MIRZAPUR JAUNPUR,,Jaunpur,Jaunpur,Uttar Pradesh,9044714652,piti1770@updte.org,59
PU09001844,"Pooja Private ITI , Sadarganj, Jaunpur Masiahu, Jaunpur",P,"BEHIND MARIAHU,TEHSIL ,SADARGANJ , MARIAHU-JAUNPUR",,Jaunpur,Jaunpur,Uttar Pradesh,9936673850,piimtcampus@gmail.com,92
PR09000504,Prakash Private ITC - Jaunpur,P,"SAROKHANPUR, MUNGRA BADSHAHPUR, JAUNPUR",,Jaunpur,Jaunpur,Uttar Pradesh,7398385301,cps.pshukla@gmail.com,26
PR09000598,Purvanchal Private Audyogik Prashikshan Kendra - Jaunpur,P,KURETHU BAGHANDRA JAUNPUR,,Jaunpur,Jaunpur,Uttar Pradesh,9918735040,akdron@gmail.com,30
PR09000061,Pyari Devi Industrial Training Centre Vill & Post Pilkhini - Jaunpur,P,Vill.+Post- Pilkhini Gaurabadshahapur District- Ja,,Jaunpur,Jaunpur,Uttar Pradesh,9415234998,dpsiti@gmail.com,3
PR09001190,Radhika ITC - Jaunpur,P,VILL & POST KUDDUPUR DIST JAUNPUR (U.P.),,Jaunpur,Jaunpur,Uttar Pradesh,9415207303,radhikaiti1234@rediffmail.com,59
PR09000185,Rai Ratan Bahadur ITC - Jaunpur,P,GADDOPUR JAUNPUR,,Jaunpur,Jaunpur,Uttar Pradesh,9984232000,mail@rrbitc.org.in,10
PR09001650,Raj Gaurav ITC - Jaunpur,P,d,,Jaunpur,Jaunpur,Uttar Pradesh,9415257086,piti1804@updte.org,76
PR09000963,Raj ITC - Jaunpur,P,"TIKARI, SIKRARA, JAUNPUR",,Jaunpur,Jaunpur,Uttar Pradesh,9792766600,raj.iti@gmail.com,48
PR09000087,Raja Harpal Singh Industrial Training Centre - Jaunpur,P,VILL-POST- SINGRAMAU DISTIC- JAUNPUR,,Jaunpur,Jaunpur,Uttar Pradesh,9935421625,piti1657@vppup.in,5
PR09000201,Ram Adhar Singh SmrITC ITC - Jaunpur,P,"KULHANAMU, JAUNPUR",,Jaunpur,Jaunpur,Uttar Pradesh,9956707070,piti1664@updte.org,10
PR09001653,Ram Baran Singh Public ITC - Jaunpur,P,CHORHA BARAIPAR JAUNPUR,,Jaunpur,Jaunpur,Uttar Pradesh,9455418199,ssingh066@gmail.com,76
PR09000004,Ram Bhujarat Singh Industrial Training Centre - Jaunpur,P,GAIRWAH SHAHGANJ JAUNPUR,,Jaunpur,Jaunpur,Uttar Pradesh,9005759839,satyam842@gmail.com,1
PR09000838,Ram Jiyawan Memorial ITC - Jaunpur,P,SARJU NAGAR KATWAR JAUNPUR,,Jaunpur,Jaunpur,Uttar Pradesh,9359484936,vpyadav20576@gmail.com,42
PR09001160,Ram Lakhan Singh ITC - Jaunpur,P,"KATAKA SHIKARPUR P.O.-KARANJAKALA, JAUNPUR",,Jaunpur,Jaunpur,Uttar Pradesh,9415257086,dr.m.p.singh01@gmail.com,58
PR09001183,Ram Pyare Singh ITC - Jaunpur,P,VIL-SAMASKHANPUR ZAFARABAD JAUNPUR,,Jaunpur,Jaunpur,Uttar Pradesh,9415257086,nirbhaysinghsolunkey@gmail.com,59
PR09000608,Ram Samujh Singh Private ITC - Jaunpur,P,Ram Samujh Singh Industrial Training Centre Vill+,,Jaunpur,Jaunpur,Uttar Pradesh,9830170616,rssitcsps@gmail.com,31
PR09000154,Ram Shiromani Dubey ITC - Jaunpur,P,"JAKHANIYA, PAWARA, JAUNPUR",,Jaunpur,Jaunpur,Uttar Pradesh,9415898088,sharaddubey2625@gmail.com,8
PR09000738,Ram Ujagar Private ITC - Jaunpur,P,"shekhpur,jaunpur",,Jaunpur,Jaunpur,Uttar Pradesh,9415207303,ashishsinghric@gmail.com,38
PR09000413,Rojgar Private ITC - Jaunpur,P,"UMARPUR,SAMBHUGA NJ, JAUNPUR",,Jaunpur,Jaunpur,Uttar Pradesh,9451168589,kashyap8331@gmail.com,22
PR09000256,S.K.B ITC - Jaunpur,P,"Ragghupur, Behara, Kerakat, Jaunpur",,Jaunpur,Jaunpur,Uttar Pradesh,8400283333,skbitcbehara@gmail.com,13
PR09000167,SHRI K.P. PANDEY ITC - Jaunpur,P,"MUSTAFABAD, ZAFARABAD, JAUNPUR",,Jaunpur,Jaunpur,Uttar Pradesh,9918074952,piti1702@updte.org,9
PR09001792,"SMT. RAMRAJI DEVI PRIVATE ITI , JOKHAN NAGAR, JAUNPUR",P,VILL & POST- BIRBHANPUR DISTT- JAUNPUR,,Jaunpur,Jaunpur,Uttar Pradesh,9919112837,udhamsinghyaduvanshi@gmail.com,83
PR09000354,Sakal Narayan Dharmraj Private ITC - Jaunpur,P,Sakal Narayan Dharmraj Private ITC - Jaunpur,,Jaunpur,Jaunpur,Uttar Pradesh,9044774274,dharmrajiti@gmail.com,18
PR09001667,Saryu Prasad Private ITC - Jaunpur,P,KAKORI BARAGAON TRILOCHAN MAHADEO JAUNPUR,,Jaunpur,Jaunpur,Uttar Pradesh,8853795793,nilesh03071982@gmail.com,77
PR09000396,Satya Narayan Private ITC - Jaunpur,P,PARYAGPUR SIDDIQPUR JAUNPUR,,Jaunpur,Jaunpur,Uttar Pradesh,9451922297,mohd.haris83@gmail.com,21
PR09000429,Satyamurthi Pvt. ITC - Jaunpur,P,"38F, HUSAINABAD NEAR TD COLLEGE MAIN GATE JAUNPUR",,Jaunpur,Jaunpur,Uttar Pradesh,9415897785,singh.ashishiyc@gmail.com,23
PR09001163,Satyendra Bahadur Singh ITC - Jaunpur,P,"khargsenpur,thanagadd i jaunpur",,Jaunpur,Jaunpur,Uttar Pradesh,094156529787,piti1743@updte.org,58
PR09000855,Shanti Gramin Private ITC - Jaunpur,P,GOSAIPUR AURAHI JAUNPUR,,Jaunpur,Jaunpur,Uttar Pradesh,9670218409,piti1844@updte.org,43
PR09000876,Shanti Jyoti Private ITC - Jaunpur,P,"INFRONT OF PRASAD INSTITUTE, KESHAVPUR PACHHATIYA",,Jaunpur,Jaunpur,Uttar Pradesh,9415349281,shantijyotiitc1853@gmail.com,44
PR09001738,"Sharda Private ITI ,kushaun, bhaupur - Jaunpur",P,KUSHAUN BHAUPUR JAUNPUR,,Jaunpur,Jaunpur,Uttar Pradesh,9795292904,pvtitisharda@yahoo.com,80
PR09000620,Shri Bajrang Private ITC - Jaunpur,P,"VILL- GHANSHYAMPUR, POST- GHANSHYAMPUR",,Jaunpur,Jaunpur,Uttar Pradesh,9450084940,piti2063@updte.org,32
PR09001026,Shri Krishna Private ITC - Jaunpur,P,"DHARAURA, JAYGOPALGANJ KERAKAT JAUNPUR",,Jaunpur,Jaunpur,Uttar Pradesh,9628247513,hridayyadavkerakat@gmail.com,51
PR09000880,Shri Surya Bali Singh ITC - Jaunpur,P,VI-PATAURA PO- BELAHARI DI- JAUNPUR,,Jaunpur,Jaunpur,Uttar Pradesh,9415266548,satishchandrarai66@gmail.com,44
PR09001167,Smt. Asharfi Devi ITC - Jaunpur,P,"KANCHANPUR, BALWARGANJ, SUJANGANJ JAUNPUR",,Jaunpur,Jaunpur,Uttar Pradesh,9559328088,anandgoswami946@gmail.com,58
PR09000694,Sri Sukhram Private ITC - Jaunpur,P,VILL-AWWAR POST-MAI -KERAKAT JAUNPUR,,Jaunpur,Jaunpur,Uttar Pradesh,9621106365,mohd.haris83@gmail.com,36
PR09000208,Sumiran ITC - Jaunpur,P,BAIRIPUR SIRKONI JAUNPUR,,Jaunpur,Jaunpur,Uttar Pradesh,9936906322,piti1663@updte.org,10
PR09001231,Sumitra ITC - Jaunpur,P,SHERWAN JAUNPUR,,Jaunpur,Jaunpur,Uttar Pradesh,7800783266,piti1777@vppup.in,61
PR09000395,Sumitra Private ITC -Mungra Badshahpur - Jaunpur,P,MUGRABADSHAHPUR JAUNPUR,,Jaunpur,Jaunpur,Uttar Pradesh,8382811203,piti2049@gmail.com,21
PR09001197,"T.D. Private ITC ,Shahganj, Jaunpur - Jaunpur",P,SONIKPUR JAUNPUR,,Jaunpur,Jaunpur,Uttar Pradesh,9415349657,piti1771@updte.org,59
PR09000509,Thakur Prasad Singh Private ITC - Jaunpur,P,samodpur shahganj jaunpur 223102,223102,Jaunpur,Jaunpur,Uttar Pradesh,7897561414,hridayprasadsingh129@gmail.com,27
PR09001550,Uma Nath Singh Smriti Pvt. Industrial Trg. Ins. - Jaunpur,P,POST- MAHARUPUR SHANKARGANJ DISTRICT- JAUNPUR,,Jaunpur,Jaunpur,Uttar Pradesh,05452220498,dpsiti@gmail.com,74
PR09001186,Uma Shankar ITC - Jaunpur,P,FATTUPUR BADLAPUR JAUNPUR,,Jaunpur,Jaunpur,Uttar Pradesh,9506137739,piti1762@updte.org,59
PR09000488,Vibhuti Chauhan Private ITC - Jaunpur,P,Bandhwa Narhan Kerakat,,Jaunpur,Jaunpur,Uttar Pradesh,9838001990,singsatyendra@gmail.com,25
PR09001147,Vibhuti Chauhan Private ITI - Jaunpur,P,"Gurudham Colony,Faizbaug,Umarp ur Jaunpur",,Jaunpur,Jaunpur,Uttar Pradesh,9451161698,singsatyendra@gmail.com,57
PR09000255,Vijay laxmi ITC - Jaunpur,P,KANHAIPUR WAJIDPUR MURADGANJ JAUNPUR,,Jaunpur,Jaunpur,Uttar Pradesh,9452157230,singh.ashishiyc@gmail.com,13
PR09001195,Vishwanath ITC - Jaunpur,P,"VILL- RAMPUR, POST- SIKRARA, DISTT- JAUNPUR",,Jaunpur,Jaunpur,Uttar Pradesh,9919654914,piti1769@gmail.com,59
PR09001682,"Bhagwati Devi Private ITI,Garautha - Jhansi",P,MAURANIPUR ROAD GARAUTHA JHANSI UP PIN-284203,284203,Jhansi,Jhansi,Uttar Pradesh,9415113250,info@mbiti.in,78
PR09000274,Bhartiya Institute of Technology & Engineering Private ITC - Jhansi,P,LALITPUR ROAD BIJOLI RAJGARH JHANSI,,Jhansi,Jhansi,Uttar Pradesh,9415545350,drravibharti@gmail.com,14
PR09000717,Bundelkhand Private ITC - Jhansi,P,Bundelkhand Private ITC - Jhansi,,Jhansi,Jhansi,Uttar Pradesh,05102332236,pradeeptyagi_11@rediffmail.com,37
PR09001737,"DR. J Verma Private ITI , Punchh - Sitapur",P,vill-poonchh moth jhansi,,Jhansi,Jhansi,Uttar Pradesh,9918588810,bhagatsinghyadavjhansi@gmail.com,80
GR09001243,"Dr. Ram Manohar Lohia PITI, Moth (Jhansi) - Jhansi",P,"Near State Bank Moth, Jhansi 284303",284303,Jhansi,Jhansi,Uttar Pradesh,9415504369,rmlpiti@gmail.com,1
PR09000096,"Jhalkari Bai I.T.I.Khailar,Jhansi - Jhansi",P,OLD PNB BANK KHAILAR BHEL JHANSI,,Jhansi,Jhansi,Uttar Pradesh,9506383283,vjiti2007@gmail.com,5
PU09001710,"Kalawati Private ITC , - Jhansi",P,rajgarh jhansi,,Jhansi,Jhansi,Uttar Pradesh,9415502984,kalawatiiti@gmail.com,89
PR09000726,"Maa Bhagawati Private ITC, Janshi - Jhansi",P,VILL & POST KHAILAR JHANSI,,Jhansi,Jhansi,Uttar Pradesh,9935027020,arvindayadavjhansikhailar123@gmail.com,37
PR09001366,Parshuram Private ITI - Jhansi,P,"DIGARA, KANPUR ROAD JHANSI",,Jhansi,Jhansi,Uttar Pradesh,9415192693,parshuramiti2238@gmail.com,68
PU09001617,Smt Vidyawati Industrial Training Centre - Jhansi,P,"Gora Machhiya Post Baragaon, Kanpur Road, Jhansi",,Jhansi,Jhansi,Uttar Pradesh,9415155454,svgi2004@gmail.com,86
PR09000826,"Veerangana ITI,khailar, jhansi - Jhansi",P,KHAILAR BHEL JHANSI,,Jhansi,Jhansi,Uttar Pradesh,9795134499,vjiti2007@gmail.com,41
PR09000925,"Veerangna Rani Laxmi Bal Private ITI , Jhansi",P,"VILL-BHUJOND, MOTH, JHANSI",,Jhansi,Jhansi,Uttar Pradesh,9838950897,vinodv644@gmail.com,46
PR09000728,Jayanti Private ITC - Kanpur Dehat,P,Village Tigai Akaburpur Rura Road Kanpur dehat,,Kanpur Dehat,Kanpur Dehat,Uttar Pradesh,8765908270,jayanti.itirura@gmail.com,37
PR09000388,Ketaki Private ITI - Kanpur Dehat,P,13/287 GROUND FLOOR PARWATI DAL MILL CAMPUS STATIO,,Kanpur Dehat,Kanpur Dehat,Uttar Pradesh,9628172305,amandwivedi50@yahoo.com,20
PR09001842,"Shri Swami SatSanganand Awam Parmanand Seva Samiti Private ITI , Kakrdahi, Baghpur, Kanpur Dehat",P,"vill- Kakardahi, Baghpur, Kanpur Dehat (UP)",,Kanpur Dehat,Kanpur Dehat,Uttar Pradesh,9936582761,sss.pss@hotmail.com,85
PR09001207,A.P.V. ITC - Kanpur Nagar,P,117/H-1/209 Pandu Nagar Kanpur Nagar,,Kanpur Nagar,Kanpur Nagar,Uttar Pradesh,09839068120,shikhatripathi250@gmail.com,60
PR09001531,AFWWA ITI - Kanpur Nagar,P,N-4 Area Air Force Station Kanpur,,Kanpur Nagar,Kanpur Nagar,Uttar Pradesh,9451427052,afwwaitc@gmail.com,74
PR09000374,Adarsh Pvt. ITC - Kanpur Nagar,P,"7/339 AWAS VIKAS YOJANA No.3 AMBEDKARPURAM, KALYAN",,Kanpur Nagar,Kanpur Nagar,Uttar Pradesh,9415475206,adarshiti1967@gmail.com,19
PU09001692,Bara Devi Private ITC - Kanpur Nagar,P,133/144 N-BLOCK KIDWAI NAGAR KANPUR,,Kanpur Nagar,Kanpur Nagar,Uttar Pradesh,9454936266,baradeviiti@gmail.com,88
PR09001522,Computer Private ITC - Kanpur Nagar,P,"117/509, PANDU NAGAR, KANPUR",,Kanpur Nagar,Kanpur Nagar,Uttar Pradesh,9307705757,padmaraitani@yahoo.co.in,74
PR09000149,DTS ITC - Kanpur Nagar,P,"129-C,Jajmau,Kanpur",,Kanpur Nagar,Kanpur Nagar,Uttar Pradesh,9935644514,waseemahmad64@gmail.com,8
PR09001811,"Dr. Govind Prashad Rani Devi Patel Institute of Technology & Management Private ITI , Aankin, Kanpur",P,C/1 AMAN PATEL COMPLEX 3/15 VISHNUPURI NAWAB GANJ,,Kanpur Nagar,Kanpur Nagar,Uttar Pradesh,9598055303,drgprd.itm@gmail.com,84
PR09001070,Heera Lal Patel Private ITC - Kanpur Nagar,P,LIG-10 Jarouli-II Kanpur Nagar,,Kanpur Nagar,Kanpur Nagar,Uttar Pradesh,7619090606,mkatiyar03@gmail.com,53
PU09001814,"J.K. Center Technician Training Private ITI , Doda Nagar, Kanpur",P,"81-B Industrial Area, Dada Nagar, Kanpur- 208022",208022,Kanpur Nagar,Kanpur Nagar,Uttar Pradesh,9889350908,ashutosh.tiwari@jkcement.com,91
PR09000784,J.K. Industrial Training Centre - Kanpur Nagar,P,"kamla nagar, kanpur",,Kanpur Nagar,Kanpur Nagar,Uttar Pradesh,0512221714,principal@jkitc.com,39
PR09000017,"JANTA I.T.C. KOYLA NAGAR, KANPUR - Kanpur Nagar",P,"405, KOYLA NAGAR BYE PASS MAIN ROAD PO KIDWAI NA",,Kanpur Nagar,Kanpur Nagar,Uttar Pradesh,9889883221,janta1355@gmail.com,2
PR09001129,Jan Jagran ITC - Kanpur Nagar,P,"122, HORA KACHHAR NARAMAU KANPUR",,Kanpur Nagar,Kanpur Nagar,Uttar Pradesh,9454346707,janjagraniti1378@gmail.com,56
PR09000288,Janta Janardan Private ITC - Kanpur Nagar,P,117/1088 MBLOCK KAKADEO KANPUR.,,Kanpur Nagar,Kanpur Nagar,Uttar Pradesh,9956699733,jjks_trainingcenter@yahoo.in,15
PR09001064,Kanpur Private ITC - Kanpur Nagar,P,523 Mirjapur Panki Kanpur,,Kanpur Nagar,Kanpur Nagar,Uttar Pradesh,9721968000,aru.2262@gmail.com,53
PR09001713,"Kapoor Private ITC , - Kanpur Nagar",P,Vill: Gambhirpur Post: Behata Gambhirpur Dist.: Ka,,Kanpur Nagar,Kanpur Nagar,Uttar Pradesh,9456482837,surendrasparihar@gmail.com,79
PU09001711,"Maharana Pratap College For Technical Skills Private ITC , - Kanpur Nagar",P,"Baikunthpur, Bithoor Kalyanpur Road , Kanpur",,Kanpur Nagar,Kanpur Nagar,Uttar Pradesh,9839035995,maharanaiti@gmail.com,89
PR09000961,Manjit Singh Nanda Private ITC - Kanpur Nagar,P,GOVIND NAGAR KANPUR,,Kanpur Nagar,Kanpur Nagar,Uttar Pradesh,05122215970,knpnanda@gmail.com,48
PR09001228,Manprasth ITC - Kanpur Nagar,P,"Plot No.-8 & 9, Ram Ganga Housing Complex,Naramau,",,Kanpur Nagar,Kanpur Nagar,Uttar Pradesh,9956038320,manprasth@gmail.com,60
PU09001815,"Nandrani Private ITI , Bithoor Pachor Road, Mandhana, Kanpur",P,35 viritiyan bithoor pachor road mandhana kanpur,,Kanpur Nagar,Kanpur Nagar,Uttar Pradesh,9336222223,nandraniiti@gmail.com,91
PR09000633,Narwal Private ITC - Kanpur Nagar,P,VILLAGE AND POST NARWAL,,Kanpur Nagar,Kanpur Nagar,Uttar Pradesh,9935217171,narwaliti@gmail.com,32
PU09001722,Navbharat Private ITC - Kanpur Nagar,P,"8/2,Arya Nagar, Kanpur",,Kanpur Nagar,Kanpur Nagar,Uttar Pradesh,9044995633,navbharatitc@gmail.com,89
PR09000397,Navyug Private ITC - Kanpur Nagar,P,"111/273,Harsh Nagar, Kanpur-208012",208012,Kanpur Nagar,Kanpur Nagar,Uttar Pradesh,9044995633,anishagrawal11@gmail.com,21
PR09000259,Paramhans Ram Mangal Das ITC - Kanpur Nagar,P,"186 B, Shyam nagar ,Kanpur Nagar",,Kanpur Nagar,Kanpur Nagar,Uttar Pradesh,9412757760,rktiwari912@gmail.com,13
PR09000672,Pragati Private ITC - Kanpur Nagar,P,"16,Lane no. 4, PURANA SHIVALI ROAD KALYANPUR KANPU",,Kanpur Nagar,Kanpur Nagar,Uttar Pradesh,9450339980,pragatiiti1@gmail.com,35
PU09001670,Pragati-First ITI - Kanpur Nagar,P,"House No.58,old shivali Road Kalyanpur kanpur",,Kanpur Nagar,Kanpur Nagar,Uttar Pradesh,9450339980,pragatiiti1@gmail.com,88
PR09000042,Raj Computer Learnings Centre - Kanpur Nagar,P,82/22 Gandhi Gram Kanpur,,Kanpur Nagar,Kanpur Nagar,Uttar Pradesh,9415079343,hemshuk@gmail.com,2
PR09000280,Ratan Private ITC - Kanpur Nagar,P,CHAKERI MODE CHAKERI KANPUR,,Kanpur Nagar,Kanpur Nagar,Uttar Pradesh,9235462755,piti1458@vppup.in,14
PR09001248,Sai Baba Private ITC - Kanpur Nagar,P,189b new azad nagar dehali sujanpur kanpur,,Kanpur Nagar,Kanpur Nagar,Uttar Pradesh,9795227986,dsrivastava94@gmail.com,61
PR09000597,Saumya Private ITC - Kanpur Nagar,P,B-58 HIG WORLD BANK BARRA KANPUR,,Kanpur Nagar,Kanpur Nagar,Uttar Pradesh,05122680191,saumyasitm@gmail.com,30
PR09000988,Seth Ravi Vesh Tripathi Private ITC - Kanpur Nagar,P,Plot no 1302 Bara Sirohi new Shivli road kalyanpur,,Kanpur Nagar,Kanpur Nagar,Uttar Pradesh,09839068120,aloktripathi106@gmail.com,49
PU09001750,"Shri Sai Private ITI , Plot No 18,greater kailash Tiwaripur Jajmau, Kanpur",P,"PLOT NO. 18 GREATER KAILASH,TIWARIPUR,JAJ MAU,KANPU",,Kanpur Nagar,Kanpur Nagar,Uttar Pradesh,9956785897,itishrisai@gmail.com,90
PR09000772,Shyamji Ramji Private ITC - Kanpur Nagar,P,Gauri Bhagwantpur,,Kanpur Nagar,Kanpur Nagar,Uttar Pradesh,7800255558,tripathi.shivam125@gmail.com,39
PR09001050,Siddharth Private ITC - Kanpur Nagar,P,PLOT / ARAZJI NO. 1316 BANKEY LAL PURAM (KOYALA NA,,Kanpur Nagar,Kanpur Nagar,Uttar Pradesh,9889727837,siddharthitc1446@gmail.com,52
PU09001612,Sri Private ITC - Kanpur Nagar,P,563 D BHAWANI NAGAR DEHLISUJANPUR KANPUR UP,,Kanpur Nagar,Kanpur Nagar,Uttar Pradesh,9936646391,shreeitc777@gmail.com,86
PR09000320,Sri Sant Bihari Private ITC - Kanpur Nagar,P,"barasirohi,i.i.t. kalyanpur,kanpur",,Kanpur Nagar,Kanpur Nagar,Uttar Pradesh,7275080663,srisantbihari@ssbitc.com,16
PR09000810,Tomorrow Industrial Training Centre - Kanpur Nagar,P,9/26 KRISHNA NAGAR KANPUR 208007 UP,208007,Kanpur Nagar,Kanpur Nagar,Uttar Pradesh,9839282963,rajeev_iti@rediffmail.com,40
PR09001202,UPCIA ITC - Kanpur Nagar,P,125/13/349-350,,Kanpur Nagar,Kanpur Nagar,Uttar Pradesh,8090200200,upciaknp@rediffmail.com,59
PR09000491,Uttam Private ITC - Kanpur Nagar,P,"32B/274 SADANAND NAGAR,AHIRWAHN",,Kanpur Nagar,Kanpur Nagar,Uttar Pradesh,7388798842,sharmaashok185@gmail.com,26
PR09000053,Vikas Industrial Training Centre Koyala Nagar - Kanpur Nagar,P,404 KOYLA NAGAR KANPUR,,Kanpur Nagar,Kanpur Nagar,Uttar Pradesh,9451523404,vikas.itc@rediffmail.com,3
PU09001747,"Vimla Private ITI , Naubasta Kanpur Nagar",P,A-164 AWAS VIKAS HANSPURAM NAUBASTA KANPUR NAGAR,,Kanpur Nagar,Kanpur Nagar,Uttar Pradesh,9793498584,vimlaitikanpur@gmail.com,89
PR09001761,"Jai Ram Singh Private ITI ,Bilram Kansganj",P,BILRAM KASGANJ,,Kansganj,Kasganj,Uttar Pradesh,8410774355,jairamiti4@gmail.com,81
PR09000899,Kiran ITC - Kansganj,P,VILL-HIMMATPUR SAI POST-KASGANJ DISTT- KASGANJ,,Kansganj,Kasganj,Uttar Pradesh,9927224787,kiranitc.krnagar@gmail.com,45
PR09000481,M. M. College of Private ITC - Kansganj,P,"Manota Street,Kasganj",,Kansganj,Kasganj,Uttar Pradesh,9219400500,mmcollegeiti5@gmail.com,25
PR09001757,"M.P. Singh Private ITI , Paharpur Mafi, Kansganj",P,PAHARPUR MAFI KASGANJ,,Kansganj,Kasganj,Uttar Pradesh,9557262691,mpsinghiti@gmail.com,81
PR09000225,Maa Ramawati Private ITC - Kansganj,P,DHOLNA HOUSE BANKNER KASGANJ,,Kansganj,Kasganj,Uttar Pradesh,05744242178,mkrana255@gmail.com,11
PR09000898,N.S.Technical Institute Ganeshpur Ganjndwara - Kansganj,P,UR GANJDUDWARA KASGANJ,,Kansganj,Kasganj,Uttar Pradesh,9627894758,ksitietah@yahoo.com,45
PR09000216,Pandit Deen Dayal Technical Instt. ITC - Kansganj,P,ALIGANJ ROAD PATIYALI KASGANJ,,Kansganj,Kasganj,Uttar Pradesh,9897414244,radharaman1025@gmail.com,11
PR09000037,R.N. (P) Industrial Training Institute Gangeshwar colony kasganj - Kansganj,P,GANGESWAR COLONY KASGANJ UP,,Kansganj,Kasganj,Uttar Pradesh,9719226632,rnitcksj@gmail.com,2
PR09001598,"R.N. (P) Industrial Training Institute Jakhera Road, Bilram Kasganj - Kasganj",P,"JAKHERA ROAD, BILRAM KASGANJ UP",,Kansganj,Kasganj,Uttar Pradesh,9719226632,rnitcksj@gmail.com,75
PR09000111,Ramwati Private ITI - Kansganj,P,vill+post-DHOLNA DISTT- KASGANJ,,Kansganj,Kasganj,Uttar Pradesh,9761168497,mkrana255@gmail.com,6
PR09000709,S R N Private ITC - Kansganj,P,VILLAGE AND POST GORAH DISTRICT KASGANJ,,Kansganj,Kasganj,Uttar Pradesh,9719226632,rnitcksj@gmail.com,36
PR09001331,Shri Balaji ITC - Kansganj,P,VILLAGE BACHHMAI POST BACHHMAI AMANPUR DISTT KASGA,,Kansganj,Kasganj,Uttar Pradesh,8859697213,ravishakya2324@gmail.com,66
PR09001432,Smt. Madhuri Maheshwari Private ITC - Kansganj,P,"behind Railway Station,Kasganj",,Kansganj,Kasganj,Uttar Pradesh,9219400500,pankajmaheshwari2018@gmail.com,71
PR09000411,Smt. Ramwati Private ITC - Kansganj,P,vill+post-dholna distt- kasganj,,Kansganj,Kasganj,Uttar Pradesh,9761168497,mkrana255@gmail.com,22
PR09001337,Access ITC - Kaushambi,P,"VILL&PO-MYOHAR, KARARI, KAUSHAMBI",,Kaushambi,Kaushambi,Uttar Pradesh,9044543677,swati_access@yahoo.com,66
PR09001712,"JA PVT ITI , - Kaushambi",P,102/Rasoolpur Syed Wada Near Meerapur Police Chawk,,Kaushambi,Kaushambi,Uttar Pradesh,9305103434,itckaushambi@gmail.com,79
PR09000847,Kamdhenu ITC - Kaushambi,P,"G.T. ROAD KASIA KAKODHA, KAUSHAMBI U.P.",,Kaushambi,Kaushambi,Uttar Pradesh,9792200051,kamdhenuiti@gmail.com,42
PR09000929,Kaushambi ITC - Kaushambi,P,VILL POST KATHGOVN ALLAHABAD,,Kaushambi,Kaushambi,Uttar Pradesh,9651852166,anunjay1@gmail.com,46
PR09000644,Rambali Singh Private ITC - Kaushambi,P,VILL MOHAMMADPUR POST MANAURI DIST KAUSHAMBI,,Kaushambi,Kaushambi,Uttar Pradesh,0532702208,munnusinghsingraur@gmail.com,33
PR09000930,Sanskriti ITC () - Kaushambi,P,kundravi sirathu kaushambi u.p,,Kaushambi,Kaushambi,Uttar Pradesh,9935387339,cool.kamlesh.yadav@gmail.com,46
PR09000636,Yathartha Private ITC - Kaushambi,P,"vill&po-Karari, Kaushambi",,Kaushambi,Kaushambi,Uttar Pradesh,9044543677,amitaccess@gmail.com,32
PR09001443,new sanskriti private iti () - Kaushambi,P,nagar panchayat sirathu kaushambi,,Kaushambi,Kaushambi,Uttar Pradesh,9936109450,vsingh6sep@gmail.com,72
PR09001715,"Al-Ihsan Private ITC, - Kushi Nagar",P,VILL-BARAHARAGANJ POST DANDOPUR,,Kushinagar,Kushinagar,Uttar Pradesh,7376816637,alihsaniti2013@gmail.com,79
PR09001203,B.N. ITC - Kushi Nagar,P,Vill. Bankata Bazar Po.Koilaswa Dis Kushinagar,,Kushinagar,Kushinagar,Uttar Pradesh,9838618237,mantu_shukla@yahoo.com,59
PR09000486,Bhartiya Viklang Sankat Mochan Pvt. ITI - Kushi Nagar,P,ROARI KUSHINAGAR,,Kushinagar,Kushinagar,Uttar Pradesh,9415713610,shambhoonath.gupta@gmail.com,25
PR09001409,Dhara Raval Private ITI - Kushi Nagar,P,Ahirauli Bajar Kushinagar,,Kushinagar,Kushinagar,Uttar Pradesh,9919985550,gauravsinghniaida@gmail.com,70
PR09001730,"Girija Shankar Private ITI , Vill. Ganeshpur, Post. Shukraull, Tehsil. Hata, Dist. Kushinagar U.P. -",P,Teachers Colony Sabya Kasia,,Kushinagar,Kushinagar,Uttar Pradesh,9935777711,kamleshmishraje@gmail.com,79
PR09000534,Guatam Buddh Private ITC - Kushi Nagar,P,KASIA KUSHINAGAR,,Kushinagar,Kushinagar,Uttar Pradesh,9670644252,mantushukla807@gmail.com,28
PR09001389,Kirat Private Audhyogik Prashikshan Sansthan - Kushi Nagar,P,VOLUCHAHA PADRAUNA KUSHINAGAR,,Kushinagar,Kushinagar,Uttar Pradesh,9011012589,subhcaffe@gmail.com,69
PR09001748,"Sushil Verma Memorial Private ITI , Pakadiyar Road Kaptanganj, Kushinagar",P,"PAKADIYAR ROAD, KAPTANGANJ, DIST.- KUSHINAGAR",,Kushinagar,Kushinagar,Uttar Pradesh,9451414411,svmitik@gmail.com,80
PR09000921,Sushil Verma Memorial ITC - Lakhimpur Kheri,P,Mo Patel Nagar Lakhimpur kheri,,Lakshmipur Kheri,Lakhimpur Kheri,Uttar Pradesh,8052775191,svmitilmp@gmail.com,46
PU09001788,"Vardhman Private ITI , Shanti Nagar, Sagar Road, Lalitpur",P,61 SARAIPURA LALITPUR,,Lalitpur,Lalitpur,Uttar Pradesh,8738983559,drsatyendrajain1@gmail.com,90
PR09000342,Amrapali Private ITC - Lucknow,P,HAYAT NAGAR BHARWAN KALA LUCKNOW,,Lucknow,Lucknow,Uttar Pradesh,9415911607,amrapaliiti@gmail.com,18
PU09001657,Ankerite TIC - Lucknow,P,"VILL- BIJNOUR,POST MATI, MATI ROAD BIJNOUR, C R P",,Lucknow,Lucknow,Uttar Pradesh,8400542192,ankiti1942@gmail.com,88
PR09000771,Awadh Industrial Training Institute - Lucknow,P,"B-3,VIBHUTI KHAND,GOMTINAGAR,L UCKNOW",,Lucknow,Lucknow,Uttar Pradesh,05224062315,awadh.iti.lko@gmail.com,38
PU09001837,"BIRENDRA PRATAP PRIVATE ITI CHINHAT,LUCKNO W",P,"Village: Lonapur, Block: Chinhat, Lucknow",,Lucknow,Lucknow,Uttar Pradesh,9452162014,vinaybps@gmail.com,92
PR09000875,Basant Lal ITC - Lucknow,P,BUDDHESHWAR CHURAHA MOHAAN ROAD LUCKNOW,,Lucknow,Lucknow,Uttar Pradesh,9415788169,bliti1288@gmail.com,44
PR09001402,Bhartiya Private ITC - Lucknow,P,"pt-no-40,41 lajvanti nagar lko",,Lucknow,Lucknow,Uttar Pradesh,9335906242,p.ram.bharati15@gmail.com,70
PR09001410,"Chaturvedi Memorial Pvt. ITI, - Lucknow",P,ADHARKHERA KURSI ROAD LKO,,Lucknow,Lucknow,Uttar Pradesh,9454007358,dr.saritatripathi67@gmail.com,70
PR09000338,City Private ITC - Lucknow,P,BHARTI PURAM TIWARI GANJ CHINHAT LUCKNOW,,Lucknow,Lucknow,Uttar Pradesh,9236678754,info@cgclko.com,17
PR09000098,Computer Studies of India ITC - Lucknow,P,"GF-101,Opp abrarnagar park,kalyanpur,lucknow",,Lucknow,Lucknow,Uttar Pradesh,9026070422,ccssii1995@gmail.com,5
PR09000398,Dalchandra Memorial Private ITC - Lucknow,P,"SAROSHA-BHAROSA, MOHAN ROAD, LUCKNOW",,Lucknow,Lucknow,Uttar Pradesh,9415576853,dcmitilko@gmail.com,21
PR09001538,Datatracks Computer Center Private ITC - Lucknow,P,"M-14, VINAY COMPLEX, GOLE MARKET, MAHANAGAR, LUCKN",,Lucknow,Lucknow,Uttar Pradesh,9415323095,datatracks@gmail.com,74
PR09001213,Dr. B.R. ambedkar ITC - Lucknow,P,"A1-transport nagar sarojini Nagar, Lucknow",,Lucknow,Lucknow,Uttar Pradesh,9839334894,ramdkram@gmail.com,60
PR09000494,G.C. Private ITC - Lucknow,P,"41,sisendi,mohanlalganj ,lucknow",,Lucknow,Lucknow,Uttar Pradesh,9935299500,careeratgciti@gmail.com,26
PR09001709,"GCRC Private ITI, - Lucknow",P,"1/56, VIRAM KHAND, GOMTI NAGAR, LUCKNOW",,Lucknow,Lucknow,Uttar Pradesh,05223066103,abhishekyadav82@gmail.com,78
PR09001049,GEETECH PRIVATE I.T.I. - Lucknow,P,545-KA/D-337/3 KUMARPURAM NEW PARA ROADRAJAJI PURA,,Lucknow,Lucknow,Uttar Pradesh,8960019484,piti1329@gmail.com,52
PR09001326,Global ITC - Lucknow,P,KURSI ROAD VILLAGE&POST RAJOULI LUCKNOW,,Lucknow,Lucknow,Uttar Pradesh,9451543794,global.iti.2010@gmail.com,66
PU09001813,"HKT Private ITI , Baghaman, Lucknow",P,"GOMTI NAGAR EXTENTION,BAGHAMA U ROAD,LUCKNOW",,Lucknow,Lucknow,Uttar Pradesh,9415245299,tahiriqbal22@gmail.com,91
PR09000404,Haider Private ITC - Lucknow,P,"369/103 K, Bibiganj, Opp. Samrahi Police Station,",,Lucknow,Lucknow,Uttar Pradesh,9935866678,hiti.2346.786@gmail.com,21
PR09000011,"Hazrat Dawood Industrial Training Centre, Ahmedabad - Lucknow",P,"Katauli, Malihabad, Lucknow",,Lucknow,Lucknow,Uttar Pradesh,9005888880,upti1205lko@gmail.com,1
PR09000554,Holy Cross Vocational Private ITC Alambagh Lucknow - Lucknow,P,HOLY CROSS VOCATIONAL TRAINING AINSTITUTE ALAMBAGH,,Lucknow,Lucknow,Uttar Pradesh,05222450442,holycrossvtilko@rediffmail.com,29
PR09000212,Indian Institute of Computer Learining - Lucknow,P,A-1 Lekhraj-1 Indira Nagar Lucknow,,Lucknow,Lucknow,Uttar Pradesh,9839334894,iicl.lko@rediffmail.com,11
PR09000552,Indian Institute of Computer Learning - Lucknow,P,"72,Sujanpura Alambagh,Lucknow",,Lucknow,Lucknow,Uttar Pradesh,9839334894,ramdkram@gmail.com,29
PR09000850,Indira Devi Jhagaru Prasad ITC - Lucknow,P,DEVERI RUKHARA BKT LUCKNOW U.P.,,Lucknow,Lucknow,Uttar Pradesh,9415138820,krishna0001om@gmail.com,42
PR09000918,Kusum ITC - Lucknow,P,"Mohana,Itaunja,Kumhr awah Road Lucknow",,Lucknow,Lucknow,Uttar Pradesh,9415425821,ajayupyc@hotmail.com,46
PR09001023,Lalsa Prasad Institute of Technical Education Pvt ITI - Lucknow,P,D-139/3 INDIRA NAGAR LKO.,,Lucknow,Lucknow,Uttar Pradesh,9452971010,mtwa98@gmail.com,51
PR09000272,Lucknow City ITC - Lucknow,P,para road rajajipuram lucknow,,Lucknow,Lucknow,Uttar Pradesh,9451244076,narendra2343@gmail.com,14
PR09000008,M.A. Academy of Education Industrial Training Centre - Lucknow,P,M.A. Academy of Education Industrial Training Centre - Lucknow,,Lucknow,Lucknow,Uttar Pradesh,9839334894,ramdkram@gmail.com,1
PR09000275,Maa Kamla Devi Shri Pitambara Vidyapeeth Private ITI - Lucknow,P,"vill- Babapurva, Post- Arjunpur, Techcil- Bakshi K",,Lucknow,Lucknow,Uttar Pradesh,9984511110,piti1335@gmail.com,14
PR09001336,Mangalam Infotech ITC - Lucknow,P,"2/113, VISHAL KHAND, GOMTI NAGAR, LUCKNOW",,Lucknow,Lucknow,Uttar Pradesh,0522404755,manglam.iti.lko@gmail.com,66
PR09001515,Microsoft Computer Centre Charbagh - Lucknow,P,"92/217 G.B. MARG, OPP. MOHAN HOTEL CHARBAGH, LUCKN",,Lucknow,Lucknow,Uttar Pradesh,9451404769,principalmccitc1192@gmail.com,73
PR09000345,Modern Private ITC - Lucknow,P,"11/607, Indira Nagar Lucknow",,Lucknow,Lucknow,Uttar Pradesh,8090510253,moderniti607@gmail.com,18
PR09001456,Motilal Memorial Society Automobile Training Centre [ ] - Lucknow,P,"Charbagh,Lucknow",,Lucknow,Lucknow,Uttar Pradesh,5222625944,principal.mmsatc@gmail.com,73
PR09000385,Motilal Memorial Society Industrial Training Centre [ ] - Lucknow,P,"Motilal Nerhu Marg, Charbagh,Lucknow.",,Lucknow,Lucknow,Uttar Pradesh,5222625944,principle.mmsatc@gmail.com,20
PR09000789,Multi Media Institute of Inf. Technology - Lucknow,P,82/28 GURU GOVIND SINGH MARG LUCKNOW-UP,,Lucknow,Lucknow,Uttar Pradesh,05224069348,piti1196@gmail.com,39
PR09001052,Nawal Private ITC - Lucknow,P,UC 115 UNITY CITY NEAR BAHADURPUR CHAURAHA KURSI R,,Lucknow,Lucknow,Uttar Pradesh,8960785664,piti1330lko@gmail.com,52
PR09000151,Pathways Education ITC - Lucknow,P,"310 CHANDRALOK TOWER KAPOORTHALA, LAIGANJ, LUCKNOW",,Lucknow,Lucknow,Uttar Pradesh,9335718596,pathwaysiti1233@gmail.com,8
PR09000431,R.D.S.J. Private ITC - Lucknow,P,"village sahijana, post rahimabad, lucknow",,Lucknow,Lucknow,Uttar Pradesh,9415101924,manager@rdsjiti.com,23
PR09001455,Rajkiya I.T.C Bakshi Ka Talab(Under DHSW) - Lucknow,P,"Bakshi Ka Talab, P.O.- Indaurabagh, Lucknow",,Lucknow,Lucknow,Uttar Pradesh,7376951757,director.sw@dirsamajkalyan.in,73
PR09000957,Ronald Private ITC - Lucknow,P,"N- 10,11A,SIL,ANCILLARY ESTATE,NADERGANG INDUSTRIAL",,Lucknow,Lucknow,Uttar Pradesh,9235315360,piti1302@gmail.com,48
PR09000155,S.V.P ITC - Lucknow,P,Adil Nagar Kursi Road Lucknow,,Lucknow,Lucknow,Uttar Pradesh,9415010053,svpgee@gmail.com,8
PR09000368,Sai Private ITC - Lucknow,P,"aurangabad jarir, Bijnour,Saheed path, Near Ramaba",,Lucknow,Lucknow,Uttar Pradesh,9451822652,saiiti2012@gmail.com,19
PR09000729,Satyabhama Private ITC - Lucknow,P,"BHAUKAPUR, BIJNAUR, LUCKNOW",,Lucknow,Lucknow,Uttar Pradesh,9450397977,shivanitrust12@gmail.com,37
PR09000956,Seiko ITC - Lucknow,P,G-10 GINDAN KHERA AMOUSI STATION ROAD NEAR POLICE,,Lucknow,Lucknow,Uttar Pradesh,9336268020,amitbatra43@gmail.com,47
PU09001856,"Shashwat the Institute Paramedical & Nursing & Vocational Private ITI , Aurangabad Amar Shaheed Path",P,"309,AURANGABAD JAGEER KANPUR RAIBARELI HIGHWAY AMA",,Lucknow,Lucknow,Uttar Pradesh,9415026168,ddgupta.92@rediffmail.com,92
PR09000686,Surya Pvt ITI - Lucknow,P,HARIHARPUR NILMATHA SHAHID PATH LUCKNOW,,Lucknow,Lucknow,Uttar Pradesh,8601444432,suryagroupiti@gmail.com,35
PR09001352,Sushil Verma Memorial ITC - Lucknow,P,"CHHATA MEEL SITAPUR ROAD, LUCKNO",,Lucknow,Lucknow,Uttar Pradesh,9451414411,svmitilko@gmail.com,67
PR09001150,Swami Vivekanand ITC - Lucknow,P,RAMPUR DEVRAI BAKSHI KA TALAB LUCKNOW,,Lucknow,Lucknow,Uttar Pradesh,7505789500,piti1250@gmail.com,57
PR09000052,Unique Industrial Training Centre Indira Nagar - Lucknow,P,"13/566,INDRA NAGAR,LUCKNOW",,Lucknow,Lucknow,Uttar Pradesh,8858751577,piti1216.lko@gmail.com,3
PR09000039,Unique Vocational Training Centre Shiv Nagar - Lucknow,P,"Shiv Nagar,Khadra,Lucknow",,Lucknow,Lucknow,Uttar Pradesh,9415001316,kkdubey1764@gmail.com,2
PR09000553,Unity Pvt. Industrial Training Institute UITI - Lucknow,P,"Unity College Campus Husainabad,Lucknow",,Lucknow,Lucknow,Uttar Pradesh,05222260521,uitioffice@gmail.com,29
PU09001688,Virendra Singh Memorial Private ITI - Lucknow,P,"5-Bhagwati Vihar Indralok Colony, Kanpur Road Luck",,Lucknow,Lucknow,Uttar Pradesh,9935672429,vsmiti.2013@gmail.com,88
PR09000954,Barasati Devi ITC - Mahrajganj,P,VILL-AGAYA PO- LAXMIPUR SHIWALA DIST- MAHARAJGANJ,,Mahrajganj,Maharajganj,Uttar Pradesh,8004334477,bditimhg@gmail.com,47
PR09001817,"CHANDRAWATI DEVI PRIVATE ITI BELWA TIWARI ,MAHARAJGANJ",P,"vill-belwa tiwari,post- chaumukha,distt- maharajganj",,Mahrajganj,Maharajganj,Uttar Pradesh,7388272781,guptaramesh406@gmail.com,84
PR09001367,Late Bhabhuti Audyogik Prashikshan Kendra - Mahrajganj,P,partawal post pratawal bazar distt maharajganj,,Mahrajganj,Maharajganj,Uttar Pradesh,8726138636,mallabhi44@gmail.com,68
PR09001779,"Paramhans Singh Private ITI , Shikarpur, Maharajganj",P,"PARAMHANS SINGH PRIVATE ITI, GORAKHPUR ROAD, SHIKA",,Mahrajganj,Maharajganj,Uttar Pradesh,8004334477,psitimhg@gmail.com,82
PR09000532,Ramsamujh Memorial Private ITC - Mahrajganj,P,jaiprkash nagar warrd no.7 mahrajganj,,Mahrajganj,Maharajganj,Uttar Pradesh,9450432720,itirsm@gmail.com,28
PR09000813,Aradhana Industrial Training Centre - Mahoba,P,8-B SUBHASH NAGAR MAHOBA,,Mahoba,Mahoba,Uttar Pradesh,9336166294,vermajitendrasingh@gmail.com,41
PR09000595,Bux Singh Private ITI - Mainpuri,P,"3/46 ,AWAS VIKAS ,RADHA RAMAN ROAD ,MAINPURI (UTTA",,Mainpuri,Mainpuri,Uttar Pradesh,05672234987,buxsinghiti@gmaik.com,30
PR09000940,G.S.M. ITC - Mainpuri,P,G.T. ROAD BEWAR MIANPURI,,Mainpuri,Mainpuri,Uttar Pradesh,9412505000,gsmcollege@gmail.com,47
PR09001232,Major Virendra Singh ITC - Mainpuri,P,VILL+POST-NAGLA JULA DISTT MAINPURI UP,,Mainpuri,Mainpuri,Uttar Pradesh,9627139944,mvsitc@gmail.com,61
PR09001742,"S.V.S Private ITI , Village Nagla Veech, Karhal, Mainpuri U.P.",P,"SADAR BAZAR KARHAL, MAINPURI",,Mainpuri,Mainpuri,Uttar Pradesh,9758905774,luvrocks1@gmail.com,80
PR09001705,"Shri Babu Ram Private ITI , - Mainpuri",P,NAGLA MANDAL POST PARONKH MAINPURI,,Mainpuri,Mainpuri,Uttar Pradesh,9411851732,sbri.itc@gmail.com,78
PU09001599,AMAR ITC() MATHURA,P,566 B GOVIND NAGAR SECTOR F MATHURA,,Mathura,Mathura,Uttar Pradesh,8439381985,ratanhighschool@gmail.com,86
PR09000219,Akhil Bhartiya ITC - Mathura,P,"BHARATPUR ROAD CROSSING,NH- 2,NARHAULI,MATHURA",,Mathura,Mathura,Uttar Pradesh,9368768778,rajkrishna2002in@yahoo.com,11
PR09000040,Akhil Bhartiya Industrial Training Centre - Mathura,P,"bharatpur road,mathura",,Mathura,Mathura,Uttar Pradesh,9368768778,rajkumarcongress@gmail.com,2
PR09000619,B.T.S Private ITI - Mathura,P,"Nh-2,Gaushala farm road kosi kalan , mathura",,Mathura,Mathura,Uttar Pradesh,9958438887,btsitckosikalan@gmail.com,32
PR09001778,"BGH Private ITI , Paigaon, Chhata, Mathura",P,"Paigaon Bhishambara Road,Kosi Kalan",,Mathura,Mathura,Uttar Pradesh,9999695719,iti.bgh@gmail.com,82
PR09000450,Baba Harchand Singh Pvt. ITI - Mathura,P,NEAR ATV NH2 PAWANKUNJ MATHURA,,Mathura,Mathura,Uttar Pradesh,05652886602,babaharchandsinghiti@gmail.com,24
PR09001382,Baba Saheb Ambedkar Private ITC - Mathura,P,"Narhauli,Bharatpur Road,Mathura",,Mathura,Mathura,Uttar Pradesh,9634780126,bsapmathura@gmail.com,69
PR09000125,Bhartiya Industrial Training Centre Raya Mathura - Mathura,P,RAYA MATHURA,,Mathura,Mathura,Uttar Pradesh,9411210924,bhartiyaiti1057@gmail.com,7
PU09001706,"Bhoodev Private ITI , - Mathura",P,SATYA WATI SADAN SASNI GATE MATHURA ROAD ALIGARH,,Mathura,Mathura,Uttar Pradesh,9837889532,varshneyindia@rediffmail.com,89
PR09000242,Braj Ballabh ITC - Mathura,P,"Laudholi Khaira, Chhata, mathura",,Mathura,Mathura,Uttar Pradesh,9837103966,brajballabhiti@gmail.com,12
PR09000206,Brij ITC - Mathura,P,Nh-2 kosi kalan mathura,,Mathura,Mathura,Uttar Pradesh,9837789681,sharma9chetan@gmail.com,10
PR09000425,Capt. Rakesh Ramesh Chand Private ITI - Mathura,P,"23, awadhpuri maholi road mathura u.p.",,Mathura,Mathura,Uttar Pradesh,9927428268,crrmtmathura@gmail.com,22
PR09001310,Captain Rakesh ITC - Mathura,P,VILL+PO-BHARNA KALAN CHHATA MATHURA U.P.,,Mathura,Mathura,Uttar Pradesh,9927428268,crimtmathura@gmail.com,65
PR09000438,Ch. Nirottham Singh Private ITI - Mathura,P,"Garhi Ashiya, NainuPatti, Sonkh",,Mathura,Mathura,Uttar Pradesh,9667415066,ksingh8410@yahoo.com,23
PR09000228,Chameli - Mathura,P,VPO-BANDI DISTT MATHURA,,Mathura,Mathura,Uttar Pradesh,9837516688,chamelidevicollege@gmail.com,11
PR09000417,Chandan Private ITI - Mathura,P,VILL-NAGLA SANJA; P.O- AKOS; TEH-MAHAVAN; DISTT-MAT,,Mathura,Mathura,Uttar Pradesh,8560862590,chandanpiti@gmail.com,22
PR09000329,Chandanvan Private ITI - Mathura,P,"Chandanvan Private ITI Bharatpur ,Road Mathura",,Mathura,Mathura,Uttar Pradesh,9412727288,citimathura@gmail.com,17
PR09001404,Chaudhary Daryab Singh Private ITI - Mathura,P,vill adda singh patti post sonkh distt mathura,,Mathura,Mathura,Uttar Pradesh,9412014813,jangjeet3300@gmail.com,70
PR09000226,Daksh ITC - Mathura,P,Mathura Goverdhan Road Satoha Mathura 281004,281004,Mathura,Mathura,Uttar Pradesh,9997833500,bngoel@yahoo.com,11
PU09001763,"Dayanand Private ITI , Mandi Chauraha, Mathura",P,"MANDI CHAURAHA, MATHURA",,Mathura,Mathura,Uttar Pradesh,9412226795,aryaashoksharma@gmail.com,90
PR09001776,"Dropati Devi Private ITI , Mathura",P,"VPO-MAHUAN,FARAH MATHURA",,Mathura,Mathura,Uttar Pradesh,9058130130,uday261280@gmail.com,82
PR09000380,Durga Devi Pvt. ITI - Mathura,P,JATORA ROAD BALDEO MATHURA (U.P) 281301,281301,Mathura,Mathura,Uttar Pradesh,9927646666,rrpandey6666@gmail.com,20
PR09001825,"Dushyant Private ITI , Sahar Chhatta, Mathura",P,sahar chhata mathura,,Mathura,Mathura,Uttar Pradesh,8958604084,sbalkrishan3@gmail.com,84
PR09000084,Fateh Singh Industrial Training Centre - Mathura,P,NAGALA RAY SINGH PACHAWAR DISTT MATHRUA,,Mathura,Mathura,Uttar Pradesh,9557593696,fatehsinghitipch@gmail.com,5
PU09001800,"GLOBAL PRIVATE ITI BHARATPUR, MATHURA",P,near narholi bharatpur road mathura,,Mathura,Mathura,Uttar Pradesh,9411466035,bdsharma.blitm@gmail.com,90
PR09001775,"Gayatri Devi Private ITI , Rasoulpur Magorra, Mathura",P,"Vill.- Rasoolpur, Po.- Magorra, Mathura",,Mathura,Mathura,Uttar Pradesh,09314088000,rupeeda@yahoo.com,82
PR09000213,Jaswant Singh ITC - Mathura,P,"fondar,fondar mathura",,Mathura,Mathura,Uttar Pradesh,9412884999,sjscollege@email.com,11
PR09001820,"K.D. PRIVATE ITI OLE,MATHURA",P,"K.D. PRIVATE ITI OLE,MATHURA",,Mathura,Mathura,Uttar Pradesh,8909464895,kdpiti94@gmail.com,84
PR09001804,"KRISHNA PRIVATE ITI ,NANDGAON ,CHHATA ,MATHURA",P,Barsana Road Nandgaon Mathura,,Mathura,Mathura,Uttar Pradesh,9412279540,krishnaiti2014@gmail.com,83
PR09000655,Kaka Dal Chand Private ITI - Mathura,P,"KAKA GARDEN, GARHI RAMBAL ,OLE MATHURA",,Mathura,Mathura,Uttar Pradesh,9412652147,kdpiti2315@gmail.com,33
PR09001755,"Koutilya Private ITI , Prem Nagar Mahavan Road Gokul Gaushala, Mathura",P,"Prem Nagar, Mahavan Road Mathura",,Mathura,Mathura,Uttar Pradesh,9891175002,vkg123@gmail.com,81
PR09001739,"Lognshree Private ITI , Jajanpatty, Rasulpur, Mathura U.P. - Mathura",P,VILLAGE-JAJAMPATTI RASULPUR MATHURA,,Mathura,Mathura,Uttar Pradesh,9412281490,yatendrachaudary1@gmail.com,80
PR09001741,"Lotus Private ITI , Kosikhurd, Mathura U.P.",P,"Kosi Khurd ,Bharatpur Road , Mathura , UP",,Mathura,Mathura,Uttar Pradesh,9414558421,lotusiti2014@gmail.com,80
PR09000251,M.S.D ITC - Mathura,P,Vill-Umari Post-Kosi Khurd Thana-Magorra Distt- Ma,,Mathura,Mathura,Uttar Pradesh,9412238683,soorajkumarchaudhary1980@gmail.com,13
PR09001770,"Maa Jal Devi Private ITI , Jajampatti, Magorra, Mathura",P,"Maa Jal Devi Private ITI , Jajampatti, Magorra, Ma",,Mathura,Mathura,Uttar Pradesh,9761443878,maajaldevipvtiti@gmail.com,82
PR09000391,Maharshi Dayanand Private ITI - Mathura,P,"RAL, MATHURA",,Mathura,Mathura,Uttar Pradesh,9412226795,aryaashoksharma@gmail.com,20
PR09000923,Mamta ITC - Mathura,P,"RUKMANI VIHAR, MATHURA",,Mathura,Mathura,Uttar Pradesh,9410445450,aryaashoksharma@gmail.com,46
PR09000075,Mathura ITC - Mathura,P,VARUN BIHAR SONKH ROAD MATHURA,,Mathura,Mathura,Uttar Pradesh,9456417631,lschahar65@gmail.com,4
PR09000647,N. I. E. M. Private ITC - Mathura,P,"vill-Fatiha,Hatawali Road,NH-2,Mathura",,Mathura,Mathura,Uttar Pradesh,9917000348,director@niemcollege.net,33
PR09001378,P. D. Private ITC - Mathura,P,KIRARAI MOD SAHAJADPUR GURJAR FARAH MATHURA,,Mathura,Mathura,Uttar Pradesh,9458204734,panditanilsharma1988@gmail.com,68
PR09001702,"Panna Private ITI, - Mathura",P,159 NAVNEET NAGAR BHUTESHWAR MATHURA UP,,Mathura,Mathura,Uttar Pradesh,9412280831,panna_education@yahoo.in,78
PR09000508,Pt .Madan Lal Educational institute Private ITI - Mathura,P,DHANA SHAMSHABAD MATHURA,,Mathura,Mathura,Uttar Pradesh,9897714148,dsaurabh29@rediffmail.com,27
PR09001419,Pt. Govind Ram Private ITI - Mathura,P,Village+Post-Ral District- Mathura 281504,281504,Mathura,Mathura,Uttar Pradesh,9997543476,sureshcti11@gmail.com,71
PR09000525,Pt. T.N. Private ITI - Mathura,P,"VILLAGE- SALEMPURA,MATHURA",,Mathura,Mathura,Uttar Pradesh,9358707196,mtr.rajkapoor@gmail.com,28
PR09001370,R.B.S. Private ITI - Mathura,P,VILLAGE-MADORA BALDEO MATHURA,,Mathura,Mathura,Uttar Pradesh,9720273737,shiv.vsdn@gmail.com,68
PR09001821,"RAMAN LAL BRIJBASI ACADEMY FOR FIRE & DISASTER MANAGEMENT PRIVATE ITI , MATHURA",P,"DELHI-AGRA BYPASS ROAD, NEAR MANDI CHAURAHA.MATHUR",,Mathura,Mathura,Uttar Pradesh,05652490718,fireacademy@brijbasi.in,84
PU09001597,Raj Private ITC - Mathura,P,RAYA MATHURA,,Mathura,Mathura,Uttar Pradesh,9411210924,rajiti1027@gmail.com,86
PR09000232,Ram wati Devi ITC - Mathura,P,Sonai Mathura,,Mathura,Mathura,Uttar Pradesh,8941001667,srditc0@gmail.com,12
PR09001397,Ratan Private ITC - Mathura,P,566 B GOVIND NAGAR SECTOR F MATHURA,,Mathura,Mathura,Uttar Pradesh,9358706635,akchaudhary1969@gmail.com,69
PR09001311,Raya ITC - Mathura,P,"khirari raya, mathura",,Mathura,Mathura,Uttar Pradesh,9760318681,shyamchaudhary35@gmail.com,65
PR09000870,S. S. Lal Private ITC - Mathura,P,FATEHPURA CHOURAHA BALDEV MATHURA,,Mathura,Mathura,Uttar Pradesh,9719717206,kaushikrajeshdau@gmail.com,43
PR09001111,S.R ITC - Mathura,P,"Vill-alawal,Post- Sonkh,Distt-Mathura",,Mathura,Mathura,Uttar Pradesh,9412810645,omsritc@gmail.com,55
PR09001025,S.R.R Private ITI - Mathura,P,"Mathura-Bharatpur Road Narhauli, Mathura",,Mathura,Mathura,Uttar Pradesh,9412277844,manoj.fouzdar@gmail.com,51
PR09001803,"S.S PRIVATE ITI , KOSI KALAN, MATHURA",P,NANDGAON ROAD KOSI KALAN,,Mathura,Mathura,Uttar Pradesh,8923187131,rajeshpatel931@gmail.com,83
PR09000370,Samarth Pvt. ITI - Mathura,P,Sundar van post- Auranga bad dist- Mathura,,Mathura,Mathura,Uttar Pradesh,05652430022,samarth.iti32@yahoo.com,19
PR09000313,Saraswati Private ITI - Mathura,P,sonkh mathura,,Mathura,Mathura,Uttar Pradesh,9414023141,arunchoudhary444@yahoo.com,16
PR09000648,Saraswati Private ITI - Mathura,P,TARSI CHAURAHA,,Mathura,Mathura,Uttar Pradesh,9667325576,ksingh8410@yahoo.com,33
PR09001209,Sarvesh ITC - Mathura,P,"NANDGOAN ROAD, HARIPURA, KOSI KALAN,MATHURA",,Mathura,Mathura,Uttar Pradesh,9756874931,www.rajeshpatel931@gmail.com,60
PR09000439,Sh. Bhagwan Singh Private ITI - Mathura,P,"Ghari Khaushala, Anora",,Mathura,Mathura,Uttar Pradesh,9536731211,sbscollege2012@gmail.com,23
PR09000487,Sh. Hardam Singh Vadic Private ITI - Mathura,P,VILL NOORPUR POST MAHAVAN DISTT MATHURA,,Mathura,Mathura,Uttar Pradesh,9412577479,shsvcollege@gmail.com,25
PR09001140,Shiva ITC - Mathura,P,BEHIND AMAR HOTAL GOVERDHAN MATHURA,,Mathura,Mathura,Uttar Pradesh,8273393464,dcsharma2014@gmail.com,57
PR09000423,Shri Babu Lal Jawali Ram Private ITI - Mathura,P,KRISHNA DHAM COLONY NAWADA NH-2 POST ADUKI DISTT-,,Mathura,Mathura,Uttar Pradesh,8941001677,babulaljawaliram@gmail.com,22
PR09000233,Shri Bajrang ITC - Mathura,P,SHRI BAJRANG ITI UMARI MATHURA,,Mathura,Mathura,Uttar Pradesh,9557554217,shribajrangiti@gmail.com,12
PR09000268,Shri Bankey Behari ITC - Mathura,P,"Vill+post-Bajna,Tah- Mant ,Dist- Mathura(U.P)",,Mathura,Mathura,Uttar Pradesh,9720907807,ssbiti2009@gmail.lcom,13
PR09000217,Shri Giriraj Maharaj ITC - Mathura,P,566 B SECTOR F GOVIND NAGAR MATHURA,,Mathura,Mathura,Uttar Pradesh,8439381985,akchaudhary1969@gmail.com,11
PR09000928,Shri Heera Lal Tejo Devi ITC - Mathura,P,"MINI AUDHOGIK ASTHAN, MATHURA- AGRA ROAD, NH-2, BAR",,Mathura,Mathura,Uttar Pradesh,9837055698,ajaykumarpoeia@gmail.com,46
PR09001322,Shri Jawali Ram Ramkali Devi ITC - Mathura,P,"Bhagwan Nagar, NH-2, PO Aduki, Mathura",,Mathura,Mathura,Uttar Pradesh,8941001677,jawaliramiti@gmail.com,65
PR09000247,Shri Krishna Brij Vikas ITC - Mathura,P,VILL SEEH PO PALSON GOVERDHAN BARANA ROAD MATHUAR,,Mathura,Mathura,Uttar Pradesh,8445796844,satish.chaturvedi1@gmail.com,12
PR09001038,Shri Krishna Private ITI - Mathura,P,Old G.T Road infront of tehseel chhata mathura,,Mathura,Mathura,Uttar Pradesh,9837789681,sharma9chetan@gmail.com,52
PR09000340,Shri Murlidhar Private ITI - Mathura,P,Shri Murlidhar Private ITI - Mathura,,Mathura,Mathura,Uttar Pradesh,9412281490,mditi@gmail.com,17
PR09000459,Shri Narayan Private ITI - Mathura,P,"Kateliya, Kosi Khurd, Mathura",,Mathura,Mathura,Uttar Pradesh,9410653682,mtr.rajkapoor@gmail.com,24
PR09000210,Shri Pandit Hukum Singh ITC - Mathura,P,ATAS MATHURA,,Mathura,Mathura,Uttar Pradesh,9358707196,shiv.vsdn@gmail.com,11
PR09000317,Shri Ramji Lal Private ITI - Mathura,P,"Shri Ramji Lal ITI Keharigri, Raya, Mathura",,Mathura,Mathura,Uttar Pradesh,09359599141,komal.azad@gmail.com,16
PR09000526,Shri Shanker Singh Private ITC - Mathura,P,VPO-RAIPURA JAAT FARAH MATHURA,,Mathura,Mathura,Uttar Pradesh,8410643387,amarsinghraipura@gmail.com,28
PR09000010,Shri Shiv Charan Lal Vidya Devi Industrial Training Institute Shergarh - Mathura,P,NEAR SARDAR PATEL CHOWK SHERGARH CHHATA MATHURA,,Mathura,Mathura,Uttar Pradesh,8923016444,krishna0291@gmail.com,1
PR09001767,"Shri Sunder Singh Private ITI , Baldeo, Mathura",P,"Tehsil - Mahavan, Road, Baleo",,Mathura,Mathura,Uttar Pradesh,9720101004,shrisundarsingh@gmail.com,81
PR09000141,Smt. Lilawati Audyogik Prasikshan Kendra - Mathura,P,indrapuri dholi pyau mathura 281001,281001,Mathura,Mathura,Uttar Pradesh,9956264202,narendrachaudhary.26@gmail.com,8
PR09000367,Smt. Ramdulari Private ITC - Mathura,P,OLE MATHURA,,Mathura,Mathura,Uttar Pradesh,9412728159,srditi2012@gmail.com,19
PR09001319,Smt. Shanti Devi ITC - Mathura,P,INDAWALI BALDEV MATHURA PIN CODE 281301,281301,Mathura,Mathura,Uttar Pradesh,9756489406,ssditiindawali@gmail.com,65
PR09001797,"Smt. Urmila Private ITI , Jajanpatti, Mathura",P,"Smt. Urmila Private ITI , Jajanpatti, Mathura",,Mathura,Mathura,Uttar Pradesh,8923775604,urmilaiti2551@gmail.com,83
PR09000324,Smt. Vimla Devi Private ITI - Mathura,P,VILLAGE-BHADAR SONKH MATHURA,,Mathura,Mathura,Uttar Pradesh,9997000319,shiv.vsdn@gmail.com,17
PR09001438,Teerth Vikas Trust Private ITI - Mathura,P,ANYOR PARIKRIMA MARG GOVERDHAN MATHURA,,Mathura,Mathura,Uttar Pradesh,05652815504,tvtiti@yahoo.com,72
PR09001436,Vijay Singh Pachainya Private ITI - Mathura,P,jajanpatti magorra mathura,,Mathura,Mathura,Uttar Pradesh,8923775604,postyashpal@gmail.com,72
PR09001676,A to Z Private ITC - Mau,P,MOH ADARSA NAGAR MOHAMMADABAD GOHANA,,Mau,Mau,Uttar Pradesh,9919583113,atozmau@gmail.com,77
PR09001117,A to Z Sewa Sansthan Jamalpur - Mau,P,MOH-JAMALPUR MUHAMMADABAD GOHNA DISTT MAU,,Mau,Mau,Uttar Pradesh,9919583113,national_railway77@rediffmail.com,56
PR09000064,Abdul Hameed Industrial Training Centre - Mau,P,ABDUL HAMEED GRAMIN ITI MUHAMMADABAD GOHANA MAU,,Mau,Mau,Uttar Pradesh,9415709478,abdulhameeditc@gmail.com,4
PR09001012,Baldeo Das Audyogik Prashikshan Private ITC - Mau,P,SURAHURAPUR MUHAMMADABAD GOHANA MAU,,Mau,Mau,Uttar Pradesh,9559177136,info@bditi.org,50
PR09000714,Banshidhar Private ITC - Mau,P,"vill + post- kushmor, distt- mau",,Mau,Mau,Uttar Pradesh,9616867274,banshidharitc@gmail.com,37
PR09001134,Dharmadev ITC - Mau,P,VILL POST KAJHAKHURD DIST MAU,,Mau,Mau,Uttar Pradesh,9415063057,vijayprakashrai1980@gmail.com,56
PR09000277,Dr. B. R Ambedkar Private ITC - Mau,P,SHADATPURA MAU,,Mau,Mau,Uttar Pradesh,9415219167,prakashomanish@gmail.com,14
PR09001085,Dr. Ram Kamal Rai Private ITC - Mau,P,MAJHWARA,,Mau,Mau,Uttar Pradesh,8005201771,ttanmayrai@yahoo.co.in,54
PR09000657,Govind Private ITC - Mau,P,VILL+POST-KOIRIYAPAR DISST- MAU (U.P.),,Mau,Mau,Uttar Pradesh,9598322093,govinditimau@gmail.com,34
PR09000798,Gramin Industrial Training Centre - Mau,P,GRAMIN ITI MUHAMMADABAD GOHANA MAU,,Mau,Mau,Uttar Pradesh,9919554681,abdulhameeditc@gmail.com,40
PR09001187,Hari Ram Rastriya ITC - Mau,P,vill and post halimabad distt mau,,Mau,Mau,Uttar Pradesh,9956132279,rbyadav4964@gmail.com,59
PR09000617,Indu Prakash Private ITC - Mau,P,SHADATPURA MAU,,Mau,Mau,Uttar Pradesh,9415219167,prakash0manish@gmail.com,31
PR09001271,Krishak ITC - Mau,P,vil.PO.koiriyapar mau,,Mau,Mau,Uttar Pradesh,9415662758,pramodkmv@gmail.com,63
PR09001341,Maa Sharada Samarak Audhogik Prashikshan Centre Gram Basarathapur - Mau,P,BASARATHPUR GONTHA MAU,,Mau,Mau,Uttar Pradesh,9415832002,infopvtiti1819@gmail.com,66
PR09001309,Mathura Memorial Aduyogik Praskhishan Kendra - Mau,P,BILAUNJHA MAU,,Mau,Mau,Uttar Pradesh,9450624042,mathura.memorial@gmail.com,64
PR09000451,Mathura Memorial Audyogik Prashikshan Kendra - Mau,P,KHURPA BILAUNJHA RATANPURA MAU,,Mau,Mau,Uttar Pradesh,9450624042,mathura.memorial@gmail.com,24
PR09000661,Palaku Private ITC - Mau,P,Vill.muskura PO.koiriyapar Dist.Mau,,Mau,Mau,Uttar Pradesh,05472220794,palakuiti@gmail.com,34
PR09000877,Prabha ITC - Mau,P,VILL CHAKVILAYAT DARGAH MAU,,Mau,Mau,Uttar Pradesh,9793733071,managerkmb@gmail.com,44
PR09001048,Ram Janam Audyogik Prashikshan Kendra - Mau,P,kasara road kopaganj - mau,,Mau,Mau,Uttar Pradesh,9450761370,ramdhyan467@gmail.com,52
PR09000711,Ram Shila Paramedical Technology College Private ITC - Mau,P,Industrial Aria Tajopur Mau,,Mau,Mau,Uttar Pradesh,9415692700,ramjashyadav100@gmail.com,36
PR09001170,Rishi Ramnaresh Krishak Audyogik Prshikshan Centre - Mau,P,MOLANAPUR DUBARI MADHUBAN MAU,,Mau,Mau,Uttar Pradesh,9452229896,rrncollage@gmail.com,58
PR09001307,Sainik PrivateITC - Mau,P,"VILL,POST-TAJOPUR MAU",,Mau,Mau,Uttar Pradesh,9451524372,itisainik@gmail.com,64
PR09001036,Shiv Varan Audhyogik Prashikshan Kendra - Mau,P,VILL POST CHIRAIYAKOT DIST MAU,,Mau,Mau,Uttar Pradesh,9506699523,jbyadav08@gmail.cm,52
PR09000161,Shiva Nand ITC - Mau,P,"Vill+Po-Inadara,Dist- Mau",,Mau,Mau,Uttar Pradesh,05472272533,snpiti1699@gmail.com,9
PR09001675,Shri Hari Private ITC - Mau,P,VILL POST HALIMABAD DIST MAU,,Mau,Mau,Uttar Pradesh,9956132279,rbyadav4964@gmail.com,77
PR09000044,Ch. Charan Singh Memorial I.T.C Alipur - Meerut,P,Daurala Sardhana Road Alipur Meerut,,Meerut,Meerut,Uttar Pradesh,9897832298,piti1477@gmail.com,3
PR09000984,Daksh Private ITC - Meerut,P,"PANCHLI KHURD, MEERUT",,Meerut,Meerut,Uttar Pradesh,9927142952,dakshiti@gmail.com,49
PR09000058,Dhara Industrial Training Centre Dhanpur - Meerut,P,VILL-DHANPUR POST- TOFAPUR DIST-MEERUT,,Meerut,Meerut,Uttar Pradesh,9997218068,piti1478@gmail.com,3
PR09001532,Gandhi ITI - Meerut,P,33 Shivaji Road Meerut,,Meerut,Meerut,Uttar Pradesh,9719011472,gandhiiti@rediffmail.com,74
PR09000018,Indian Skill Tech. Institute - Meerut,P,Indian Skill Tech. Institute - Meerut,,Meerut,Meerut,Uttar Pradesh,9897963111,indianskilltechinstitute@yahoo.in,2
PR09000845,Kiran ITC - Meerut,P,VPO SISOLI GARH ROAD MEERUT,,Meerut,Meerut,Uttar Pradesh,9837337356,pravindra_anand@radiffmail.com,42
PR09000207,Kisan ITC - Meerut,P,Rasoolpur rohta Meerut,,Meerut,Meerut,Uttar Pradesh,9719011472,kisaniti@rediffmail.com,10
PR09001551,"Meerut I.T.I., Sardhana Road, Meerut",P,"Sardhana Road, Meerut",,Meerut,Meerut,Uttar Pradesh,9410608410,mrt_itc@yahoo.com,74
PU09001683,"NGI Private ITI, - Meerut",P,"NH-58, PAWALI KHAS, MODIPURAM, MEERUT",,Meerut,Meerut,Uttar Pradesh,9760646464,amar.ngi@gmail.com,88
PR09000606,Navodaya Private ITC - Meerut,P,"MEERUT-HAPUR MAIN ROAD, KHARKHAUDA, MEERUT",,Meerut,Meerut,Uttar Pradesh,9045707700,deepak_bhatt5@yahoo.com,31
PR09000364,Panchsheel Pvt. ITI - Meerut,P,"Islamabad , Chillora , Meerut",,Meerut,Meerut,Uttar Pradesh,01214052137,panchsheeliti@gmail.com,19
PR09000421,Premier Pvt. ITI - Meerut,P,PLOT NO 30-31 VISHWAKARMA INDUSTRIAL AREA BAGHPAT,,Meerut,Meerut,Uttar Pradesh,9927038997,rajatpremier@ymail.com,22
PR09001351,Radha Krishan ITC - Meerut,P,VILLAGE-DHINDHALA MOHIDDINPUR MEERUT,,Meerut,Meerut,Uttar Pradesh,9456227754,rekhamalik1609@gmail.com,67
PR09000807,Raj Private Industrial Training Institute Mawana Meerut () - Meerut,P,Meerut Road Mawana Meerut,,Meerut,Meerut,Uttar Pradesh,9412285599,rajitimawana@gmail.com,40
PR09000162,Raj Rajeshwari ITC - Meerut,P,Meerut Road Mawana Meerut,,Meerut,Meerut,Uttar Pradesh,9412285599,rritimawana@gmail.com,9
PR09000593,Rastriya Private ITC - Meerut,P,"VILL & P.O- MAHALKA, BLOCK DAURALA MEERUT",,Meerut,Meerut,Uttar Pradesh,9456204590,inspnagar@gmail.com,30
PR09000442,Saraswati Private ITC - Meerut,P,10 ajil road meerut,,Meerut,Meerut,Uttar Pradesh,9927311136,saraswatiitimeerut@gmail.com,23
PR09000835,Shri Devdutt Tyagi ITC - Meerut,P,VILL JULEDHA POST SARDHANA DISTT MEERUT,,Meerut,Meerut,Uttar Pradesh,9557034056,piti1593@gmail.com,42
PR09000618,Shri Ram Institute of Private ITI - Meerut,P,"NH-58, Delhi Roorkee Bypass Road, Near Sardhana Cr",,Meerut,Meerut,Uttar Pradesh,9927000804,shriramitimeerut@gmail.com,31
PR09000819,"Super Tech I.T.I. Garh Road, Hasanpur kala, Meerut - Meerut",P,Hasanpurkalan Garh Road Meerut,,Meerut,Meerut,Uttar Pradesh,9897229033,supertechiti@gmail.com,41
PR09000109,Swami Vivekananda Industrial Training Centre - Meerut,P,vpo - Satwai disst- Meerut,,Meerut,Meerut,Uttar Pradesh,8006409897,swami.vivekanand.itc.10@gmail.com,6
PR09000341,T.P.S. Private ITI - Meerut,P,Village+Post-Khajuri Tahsil-Mawana Dist.- Meerut,,Meerut,Meerut,Uttar Pradesh,8445102799,tpsiti11@gmail.com,18
PR09000952,AP-Tech. ITC - Mirzapur,P,VILL KAILHAT POST PACHEWARA CHUNAR MIRZAPUR,,Mirzapur,Mirzapur,Uttar Pradesh,9415266253,baleshwer2578@gmail.com,47
PR09000609,Ajeet Kumar Singh Private ITC - Mirzapur,P,Padari (Tera) Mirzapur,,Mirzapur,Mirzapur,Uttar Pradesh,9721253737,aksitipvt@gmail.com,31
PR09001716,"Ayush Private ITC, - Mirzapur",P,"VILL-KHAIRA,POST- BAGAHA,DISTT- MIRZAPUR UP PIN-2313",,Mirzapur,Mirzapur,Uttar Pradesh,9621254147,brijeshtripathi2008@gmail.com,79
PR09001345,Baba Ramdev ITC - Mirzapur,P,"VILL- JAGARNATHPUR,DEORI YA,CHUNAR MIRZAPUR 23105",,Mirzapur,Mirzapur,Uttar Pradesh,8009926255,parmanandgiri94@gmail.com,67
PR09000353,Babu Ghanshyam Singh Private ITC - Mirzapur,P,"VILL. SIHAWAL, PO. JIGNA, DISTT. MIRZAPUR UP.",,Mirzapur,Mirzapur,Uttar Pradesh,9794288330,bgsiti@gmail.com,18
PR09000187,Bhartiya ITC - Mirzapur,P,Rajgarh Mirzapr,,Mirzapur,Mirzapur,Uttar Pradesh,9415251686,sarojkumarsingh9@gmail.com,10
PR09000675,Bhet Private ITI - Mirzapur,P,ZILA PANCHYAT ROAD NEAR ANIMAL HOSPITAL MIRZAPUR,,Mirzapur,Mirzapur,Uttar Pradesh,9415257785,bhetpiti@gmail.com,35
PR09000049,Chhatrapati Shivaji Industrial Training Centre - Mirzapur,P,"AHI, JAMUA BAZAR, MIRZAPUR",,Mirzapur,Mirzapur,Uttar Pradesh,9936743787,pajay198@gmail.com,3
PR09001762,"Devraj Singh Private ITI ,Kolepur Sriniwas Dham, Mirzapur",P,VILL KOLEPUR POST SRI NIVASDHAM THANA JIGNA DISTT,,Mirzapur,Mirzapur,Uttar Pradesh,9935432870,aadityasingh762@gmail.com,81
PR09000166,Dr. Bhim Rao Ambedkar ITC - Mirzapur,P,vill kailhat post pachewara CHUNAR MIRZAPUR,,Mirzapur,Mirzapur,Uttar Pradesh,9415266253,baleshwer2578@gmail.com,9
PR09000867,Durga Private ITC - Mirzapur,P,"gauri,baburi,chandauli",,Mirzapur,Mirzapur,Uttar Pradesh,8423713878,prashantkumar.singh82@gmail.com,43
PR09000163,Indian ITC - Mirzapur,P,Sajhauli Chunar Mirzapur,,Mirzapur,Mirzapur,Uttar Pradesh,9839098555,indiyan1662@gmail.com,9
PR09000322,Kalawati Devi Private ITC - Mirzapur,P,"KALAWARI, MARIHAN, MIRZAPUR (UP)",,Mirzapur,Mirzapur,Uttar Pradesh,9415177032,kalawatideviitikalawari@gmail.com,16
PR09001354,Kalawati ITC - Mirzapur,P,DARIYAPUR CHUNAR MIRZAPUR (U.P.),,Mirzapur,Mirzapur,Uttar Pradesh,9450611497,kalawatiitidariyapur@gmail.com,67
PR09001415,Kalawati Singh Private ITC - Mirzapur,P,sripatti konemirzapur,,Mirzapur,Mirzapur,Uttar Pradesh,9415251224,mukund.kalawatisiti@gmail.com,70
PR09001647,Krishnawati ITC - Mirzapur,P,BASTARA LALGANJ MIRZAPUR,,Mirzapur,Mirzapur,Uttar Pradesh,9451632699,kitcmzp@gmail.com,76
PR09001081,Late Shobha Nath Singh Private ITC - Mirzapur,P,"BALLIPARWA, CHILH, MIRZAPUR",,Mirzapur,Mirzapur,Uttar Pradesh,9450319617,shobhnathiti@gmail.com,54
PR09000303,M.G. Private ITC - Mirzapur,P,"Natweer Ka Chauraha (Natwan) Imambada Road, Mirza",,Mirzapur,Mirzapur,Uttar Pradesh,9415225560,info@mgiti.in,15
PR09000290,Maa Vaishno Private ITC () - Mirzapur,P,"adalhat,Mirzapur",,Mirzapur,Mirzapur,Uttar Pradesh,9415623727,director@maavaishnoiti.in,15
PR09000817,Naina Garh ITC - Mirzapur,P,Barewan Chunar Mirzapur,,Mirzapur,Mirzapur,Uttar Pradesh,9415264019,divendrasingh9918@gmail.com,41
PR09000379,Parshuram Singh Maurya Private ITC - Mirzapur,P,banki mode patehara kaka mirjapur,,Mirzapur,Mirzapur,Uttar Pradesh,9936638324,krishnaram9936@gmail.com,20
PR09000903,Pragati Private ITC - Mirzapur,P,"Ghatampur,Chunar Mirzapur",,Mirzapur,Mirzapur,Uttar Pradesh,9839450062,mirza_iitr@rediffmail.com,45
PR09001079,Rajeev Gandhi Private ITC - Mirzapur,P,"Vill- Dixitpur,Shivshankari dham,chunar,mirzapur",,Mirzapur,Mirzapur,Uttar Pradesh,9794089053,singhcp676@gmail.com,54
PR09000359,Rashmi Singh Private ITC - Mirzapur,P,dewari kala marihan mirzapur,,Mirzapur,Mirzapur,Uttar Pradesh,8004921422,rsitim.mzp@rediffmail.com,18
PR09001373,S.K.S. Private ITC - Mirzapur,P,VILLAGE ANNANTPUR POST KACHHAWA THANA KACHHAWA MIR,,Mirzapur,Mirzapur,Uttar Pradesh,9935407787,pankajsingh00333@gmail.com,68
PR09000174,S.N ITC - Mirzapur,P,SN ITI LOHANDI KALA MIRZAPUR,,Mirzapur,Mirzapur,Uttar Pradesh,8739005646,snp981@gmail.com,9
PR09000763,Sardar Patel Private Industrial Training Centre - Mirzapur,P,Kailahat Chunar Mirzapur,,Mirzapur,Mirzapur,Uttar Pradesh,9839098555,sarojkumarsingh9@gmail.com,38
PR09000405,Shakti Private ITC - Mirzapur,P,"rasoolaganj,mirzapurkh urd, mirzapur",,Mirzapur,Mirzapur,Uttar Pradesh,8960132483,vishu.vns.1976@gmail.com,21
PR09000739,Shivlok Private ITC - Mirzapur,P,"SHIV LOK PRIVATE ITI,PATEL NAGAR,MILL,ADALHAT MIRZ",,Mirzapur,Mirzapur,Uttar Pradesh,09695900713,kamleshgandhi143@gmail.com,38
PR09000656,Shri Akshaibar Nath Singh Private ITC - Mirzapur,P,VILL-AHI POST-JAMUA BAZAR DIST-MIRZAPUR PIN-231,,Mirzapur,Mirzapur,Uttar Pradesh,8574953177,snsaahi.iti@gmail.com,34
PR09000582,Sri Shankrashram Maha vidyapeeth Mini ITC - Mirzapur,P,"Vill & Post Sikhar,Dist- Mirzapur U.P.",,Mirzapur,Mirzapur,Uttar Pradesh,9452632656,amleshupadhya@gmail.com,30
PR09000050,Swami AtmaDas Private ITI - Mirzapur,P,pacharav hansipur mirzapur,,Mirzapur,Mirzapur,Uttar Pradesh,9415224382,swamiatmadasmirzapuriti@gmai.com,3
PR09000383,Tara Devi Private ITC - Mirzapur,P,barewan chunar mirzapur,,Mirzapur,Mirzapur,Uttar Pradesh,9415264019,divendrasingh9918@gmail.com,20
PR09000389,Tathagat Private Audyogik Prashikshan Sansthan - Mirzapur,P,"dadhiya,dadara pahari,devpura,mirzapu r pin-231210",231210,Mirzapur,Mirzapur,Uttar Pradesh,8423070255,tathagatpvtiti2012@gmail.com,20
PR09001759,"Veenavandini Private ITI , Kapsour Pandari, Chunar, Mirzapur",P,vill Kapsour Post Pandari Mirzapur,,Mirzapur,Mirzapur,Uttar Pradesh,9936160945,veenavadaniiti2013@gmail.com,81
PR09000972,Vindhya Shyam Private ITC - Mirzapur,P,VILLAGE AND POST GURUSANDI THANA DEHAT KOTWALI DIS,,Mirzapur,Mirzapur,Uttar Pradesh,9455397210,kuldeepitimzp@gmail.com,48
PR09000588,Aparna Industrial Training Centre - Moradabad,P,vill nangalia thakurdwara moradabad up,,Moradabad,Moradabad,Uttar Pradesh,9837784399,aitctkd@gmail.com,30
PR09000193,Bhartiya ITI Moradabad { PITI ),P,"TA 13 ASHIANA- 1,MORADABAD",,Moradabad,Moradabad,Uttar Pradesh,9411609559,bhartiaitc@yahoo.in,10
PR09000891,Gurukul ITC - Moradabad,P,"RAMPUR ROAD BEFORE PREM WONDER LAND, NEAR ICE FACT",,Moradabad,Moradabad,Uttar Pradesh,9412245958,info@gurukuliti.in,45
PR09000990,K.D.M Private ITC - Moradabad,P,deen dayal nagar moradabad,,Moradabad,Moradabad,Uttar Pradesh,9457035289,harleenbhardwaj@yahoo.co.in,49
PR09000602,Moradabad Private ITC - Moradabad,P,DEEN DAYAL NAGAR MORADABAD,,Moradabad,Moradabad,Uttar Pradesh,9457035289,harleenbhardwaj@yahoo.co.in,31
PR09000326,Pankaj Chaudhary Private ITI - Moradabad,P,"AGWANPUR BYPASS, NEAR SHIRDI SAI PUBLIC SCHOOL, KA",,Moradabad,Moradabad,Uttar Pradesh,9412247317,kitpolytechnic@ymail.com,17
PR09001101,Pt. Soran Lal Sharma ITC - Moradabad,P,DEEN DAYAL NAGAR MORADABAD,,Moradabad,Moradabad,Uttar Pradesh,9557078001,atulbhardwajin@gmail.com,55
PR09000325,R.K. Private ITC - Moradabad,P,"Nanpur, Bilari Moradabad UP",,Moradabad,Moradabad,Uttar Pradesh,9412664918,rkpvtiti@rediffmail.com,17
PR09000003,R.P.S. Janta Industrial Training Centre - Moradabad,P,VILL POST RATUPURA TEH THAKURDWARA DIST MORADABAD,,Moradabad,Moradabad,Uttar Pradesh,9412241111,veenuiti@gmail.com,1
PR09001400,Ramsahay Private ITC - Moradabad,P,VILL-ISLAM NAGAR POST-KAFIYABAD DIST- MORADABAD,,Moradabad,Moradabad,Uttar Pradesh,9897057445,ramsahayiti@yahoo.co.in,70
PR09001425,Rukmani Private ITC - Moradabad,P,LODHIPUR RAJPUT DELHI ROAD MORADABAD,,Moradabad,Moradabad,Uttar Pradesh,9359840777,balajimotors.mbd@gmail.com,71
PR09000594,Shri Ram Krishna Private ITC - Moradabad,P,v@p-sultan pur dost (moradabad),,Moradabad,Moradabad,Uttar Pradesh,9410416908,ramkrishansingh7@gmail.com,30
PR09000897,Yashoda ITC - Moradabad,P,Shahpur Bilari Moradabad,,Moradabad,Moradabad,Uttar Pradesh,9412664918,yashodaitc@gmail.com,45
PR09001138,"Bahoti Devi ITI, Shamli-M.Nagar Road, Dholra, Muzaffar Nagar - Muzaffar Nagar",P,BOHATI DEVI ITI SHAMLI-M.NAGAR ROAD DHOLRA M.NAGAR,,Muzaffarnagar,Muzaffarnagar,Uttar Pradesh,9012159159,bditicollege@gmail.com,57
PR09001290,Giriraj Singh Memorial ITC - Muzaffar Nagar,P,Vill Baghra Distt Muzaffarnagar,,Muzaffarnagar,Muzaffarnagar,Uttar Pradesh,9012623333,piti1582@gmail.com,63
PU09001728,"Mahadev Private ITI , Sisauna Rorkee Road, Muzaffarnagar, Sadar, - Muzaffarnagar",P,"SISAUNA ROORKEE ROAD,MUZAFFARNAGA R",,Muzaffarnagar,Muzaffarnagar,Uttar Pradesh,09758023262,mahadeviti.mzn1@gmail.com,89
PR09001344,Nain Singh ITC - Muzaffar Nagar,P,Nain Singh ITC - Muzaffar Nagar,,Muzaffarnagar,Muzaffarnagar,Uttar Pradesh,9927929225,shalabhrohal86@gmail.com,66
PR09000110,Nand Lal Sarojni Devi Industrial Training Centre - Muzaffar Nagar,P,"NAND LAL SAROJNI DEVI INDUTRAIL TRAINING CENTRE,",,Muzaffarnagar,Muzaffarnagar,Uttar Pradesh,09837140332,piti1540@gmail.com,6
PR09001056,Om Prakash Rana Memorial Private ITC - Muzaffar Nagar,P,"V+P- Kuralsi,Muzaffarnagar",,Muzaffarnagar,Muzaffarnagar,Uttar Pradesh,9627300200,piti1607@gmail.com,53
PR09001846,"PRAHALAD SINGH MEMORIAL PRIVATE ITI KHATAULI, MUZAFFARNAGAR",P,kalyankari chikitsalya jansath road bhoor khatauli,,Muzaffarnagar,Muzaffarnagar,Uttar Pradesh,01396283334,vickydbs@gmail.com,85
PR09001192,Pandit Manohar Lal ITC - Muzaffar Nagar,P,GANDHI NAGAR BHOPA ROAD MUZAFFARNAGAR,,Muzaffarnagar,Muzaffarnagar,Uttar Pradesh,09358194900,piti1576@gmail.com,59
PR09000112,Prakash Industrial Training Centre Shamli Road Khanjahanpur Muzaffar Nagar - Muzaffar Nagar,P,shamli Road khanjhapur muzaffar nagar,,Muzaffarnagar,Muzaffarnagar,Uttar Pradesh,9897300332,piti1542@gmail.com,6
PR09001537,Pratibha Computer Centre - Muzaffar Nagar,P,"96, MARTIN GANJ, DAAL MANDI, MUZAFFARNAGAR",,Muzaffarnagar,Muzaffarnagar,Uttar Pradesh,9719728419,pcc.vtp@gmail.com,74
PR09001513,Pt. Chhotan Lal ITC - Muzaffar Nagar,P,JASATH BUS STAND GANGDHARI ROAD KHATAULI DISTT MUZ,,Muzaffarnagar,Muzaffarnagar,Uttar Pradesh,9411815570,pitikha1501@gmail.com,73
PR09000570,Pushp Lata Girl's Industrial Training Centre - Muzaffar Nagar,P,ASHOKA MARKET NO 4 KHATAULI,,Muzaffarnagar,Muzaffarnagar,Uttar Pradesh,01396273846,mukeshranikht@gmail.com,29
PR09001269,Ram ITC - Muzaffar Nagar,P,vpo Biralsi Distt MZN,,Muzaffarnagar,Muzaffarnagar,Uttar Pradesh,9760352250,ramiti1580@gmail.com,62
PR09000643,S.S.D Private ITC - Muzaffar Nagar,P,"JANSATH ROAD,SHER NAGAR, MUZAFFARNAGAR",,Muzaffarnagar,Muzaffarnagar,Uttar Pradesh,01312614070,ssdmzn@gmail.com,33
PR09001131,S.V ITC - Muzaffar Nagar,P,Vill Bannagar Post Rohana Distt Muzaffarnagar,,Muzaffarnagar,Muzaffarnagar,Uttar Pradesh,01312014046,piti1568@gmail.com,56
PU09001787,"Sanmati Private ITI, Dallu Dawta Shamli Khanjahapur, Muzaffarnagar",P,SHAMLI ROAD NEAR DALLU DEVTA,,Muzaffarnagar,Muzaffarnagar,Uttar Pradesh,9319273248,sanmatiiti@gmail.com,90
PR09001293,Shri Mangal Singh ITC - Muzaffar Nagar,P,745 CIVIL LINE SOUTH MUZAFFAR NAGAR,,Muzaffarnagar,Muzaffarnagar,Uttar Pradesh,0131262136,jsingh5699@gmail.com,64
PR09001784,"Smt. Raj Bala Devi Private ITI , Jhabarpur, Hari Nagar, Purkaji, Muzzafarnagar",P,"Smt. Raj Bala Devi Private ITI , Jhabarpur, Hari N",,Muzaffarnagar,Muzaffarnagar,Uttar Pradesh,8006222212,rahulbharti9897@gmail.com,82
PR09000740,Syam Private ITC - Muzaffar Nagar,P,V+P. BIRALSI DIST. MUZAFFARNAGAR,,Muzaffarnagar,Muzaffarnagar,Uttar Pradesh,9760352250,infoshyamiti@gmail.com,38
PR09001227,Vibgyor ITC - Muzaffar Nagar,P,133 mile stone roorkee road,,Muzaffarnagar,Muzaffarnagar,Uttar Pradesh,01312621769,vibgyorcollege@gmail.com,60
PR09000360,Adesh Private ITI - Pilibhit,P,Village- Narayanpur,,Pilibhit,Pilibhit,Uttar Pradesh,9760294400,adesh.iti@gmail.com,19
PR09001740,"Balaji Private ITI , Tanakpur Road Saidpur, Pilibhit",P,"Tanakpur Road Saidpur, Pilibhit",,Pilibhit,Pilibhit,Uttar Pradesh,09457893850,bitipilibhit@gmail.com,80
PR09000974,Ajab Narayan Harish Chandra Audhyogik Shukhpur - Pratapgarh,P,"781/2D BAGHAMBARI GADDI ROAD, ALLAHPUR, ALLAHABAD",,Pratapgarh,Pratapgarh,Uttar Pradesh,05342230301,abhivansh2011@gmail.com,49
PR09000977,Anjana Institute of Technical Education Private ITC - Pratapgarh,P,SAKRAULI MADUPUR PRATAPGARH,,Pratapgarh,Pratapgarh,Uttar Pradesh,9335158648,anjanainstitute@yahoo.com,49
PR09000939,Galaxy ITC - Pratapgarh,P,KATRA ROAD SAROJ CHOURAHA,,Pratapgarh,Pratapgarh,Uttar Pradesh,9415229832,sharma.mool.chandra@gmail.com,47
PU09001677,Hare Rama Hare Krishna Private ITC - Pratapgarh,P,BHAGWA (NERA RAILWAY GROUND) PURE NARSINGH BHAN SA,,Pratapgarh,Pratapgarh,Uttar Pradesh,8005393651,hrhkitc.82@gmail.com,88
PR09001075,Heerawati Singh Private ITC - Pratapgarh,P,Garwara Pratapgarh,,Pratapgarh,Pratapgarh,Uttar Pradesh,9415719088,as9670762@gmail.com,54
PR09000894,Kamaksha Prasad Pratap Narayan College of Education & Technology PVT. ITI - Pratapgarh,P,poore dudhi ramganj pratapgarh,,Pratapgarh,Pratapgarh,Uttar Pradesh,8601012035,amitvmishra@hotmail.com,45
PR09000176,Keshav ITC - Pratapgarh,P,"JOGAPUR, PURE NARSINGH BHAN SADAR PRATAOGARH",,Pratapgarh,Pratapgarh,Uttar Pradesh,8005393651,keshavitc.82@gmail.com,9
PR09000991,Mahaveer Private ITC - Pratapgarh,P,KUNDA,,Pratapgarh,Pratapgarh,Uttar Pradesh,9559958449,mahaveerpitikunda@gmail.com,49
PR09000849,Param Pujaya Swami Argaranand ITC - Pratapgarh,P,GOBARI JAGESHARGANJ PRATAPGANJ,,Pratapgarh,Pratapgarh,Uttar Pradesh,9451024145,sahari.gramin@gmail.com,42
PR09001753,"Prem Lata Private ITI ,Pratapgarh",P,"vill-ramapur,post- kohraud,dist- pratapgarh",,Pratapgarh,Pratapgarh,Uttar Pradesh,9161199194,premlataiti14@gmail.com,81
PR09001032,Rastriya Private ITC - Pratapgarh,P,"vill-nawahajaya ,post- katehti,pratapgarh",,Pratapgarh,Pratapgarh,Uttar Pradesh,9839806186,kksingh230503@gmail.com,52
PR09000041,Saket Industrial Training Institute Gailghat Road - Pratapgarh,P,SAKET PRIVATE ITI,,Pratapgarh,Pratapgarh,Uttar Pradesh,05342223769,arvind.sripbh@gmail.com,2
PR09001363,Saryu Indra Private ITC - Pratapgarh,P,Saryu Indra Private ITC - Pratapgarh,,Pratapgarh,Pratapgarh,Uttar Pradesh,8795069666,saryuindra@gmail.com,68
PR09001201,Shri B.N. Singh Smarak ITC - Pratapgarh,P,"vill. Puwansi po. Mahrajganj, dist. Pratapgarh",,Pratapgarh,Pratapgarh,Uttar Pradesh,9450800100,vksupats@gmail.com,59
PR09001671,A. B. M. Private ITC - Allahabad,P,BHANDRA REWA ROAD,,Allahabad,Prayagraj,Uttar Pradesh,9696969196,abmpvtiti2188@gmail.com,77
PR09001416,"A. B. MEMORIAL PRIVATE ITI NAINI,ALLAHABAD",P,URMAGANJ AMILIYA NAINI ALLAHABAD,,Allahabad,Prayagraj,Uttar Pradesh,9696969196,abmemorialpvtiti@gmail.com,70
PR09000331,A.N. Tiwari Private ITC - Allahabad,P,"Shivmangal Nagar,Gulalpur,Hetapat ti,Sahson,Allahab",,Allahabad,Prayagraj,Uttar Pradesh,9936681795,omanil116@gmail.com,17
PR09000859,ASHA INDUSTRIAL TRIANING INSTITUTE - Allahabad,P,"VILLAGE-DHANETHA [ITWA KALAN], POST- KHUNTA, MEJA,",,Allahabad,Prayagraj,Uttar Pradesh,87955828438,ranjansingh.6240@hotmail.com,43
PR09001697,"Aadishakti Private ITI, - Allahabad",P,"AADISHAKTI PRIVATE ITI RANGPURA,(Near Tata MotorW",,Allahabad,Prayagraj,Uttar Pradesh,8957258277,aadishaktiiti@gmail.com,78
PR09000919,Access Computer Education ITC - Allahabad,P,"14A, ASSOCIATION ROAD, GEORGE TOWN ALLAHABAD",,Allahabad,Prayagraj,Uttar Pradesh,9369865602,yogendraaccess@yahoo.com,46
PR09000138,Access Industrial Training Centre Teliyer Ganj - Allahabad,P,yogendra_access@yaho o.com,,Allahabad,Prayagraj,Uttar Pradesh,9415216164,yogendra_access@yahoo.com,7
PR09001252,Access Private ITC - Allahabad,P,"vill & post-tikari, navabganj, allahabad",,Allahabad,Prayagraj,Uttar Pradesh,9415216164,yogendra_access@yahoo.com,62
PR09000902,Adarsh Private ITI - Allahabad,P,Vill+POST-BENDO TEH- KARCHHANA ALLAHABAD UP 212301,212301,Allahabad,Prayagraj,Uttar Pradesh,9415224382,adarshpiti1414@gmail.com,45
PR09000680,Adhaar Private ITC - Allahabad,P,"gaddopur, phaphamau,allahabad",,Allahabad,Prayagraj,Uttar Pradesh,9792118833,adhariti@gmail.com,35
PR09000482,Ajay Raj Singh Pvt. ITC - Allahabad,P,229B/8 JAYANTI PUR SULEM SARAY ALLAHABAD,,Allahabad,Prayagraj,Uttar Pradesh,09415663402,ajayrajsinghiti@gamil.com,25
PU09001616,Allahabad ITC - Allahabad,P,"NYAYNAGAR, KANDHAIPUR,DHOOMA NGANJ, ALLAHABAD",,Allahabad,Prayagraj,Uttar Pradesh,05322111235,mithileshyadsingh061@gmail.com,86
PR09001010,Allahabad Private ITC - Allahabad,P,gangapuram naini allahabad,,Allahabad,Prayagraj,Uttar Pradesh,9415377979,allahabaditi1438@gmail.com,50
PR09001303,Allahabad Private ITC - Allahabad,P,"karchhana , allahabad",,Allahabad,Prayagraj,Uttar Pradesh,9918381801,allahabaditi2470@gmail.com,64
PR09001691,Amar Private ITC - Allahabad,P,RAMNATHI BHITI ALLAHABAD,,Allahabad,Prayagraj,Uttar Pradesh,9839193748,uddc@rediffmail.com,78
PR09001794,"Anurag Private ITI , Ghatwa Karchna, Allahabad",P,GHATAWA SONAI KARCHHANA ALLAHABAD,,Allahabad,Prayagraj,Uttar Pradesh,9616203078,anuragpvtiti@gmail.com,83
PR09000116,Apex Private ITC - Allahabad,P,"47A chak bhati naini,allahabad.",,Allahabad,Prayagraj,Uttar Pradesh,9415649100,yograj_mishra@rediffmail.com,6
PR09001721,Asha Private ITC - Allahabad,P,"Vill-Birapur- Dhanjiya,Handia Allahahabad",,Allahabad,Prayagraj,Uttar Pradesh,9919515389,ashapvtiti@rediffmail.com,79
PR09000484,Babu Lal Pal Private ITC - Allahabad,P,55/36north malaka allahabad,,Allahabad,Prayagraj,Uttar Pradesh,9161475141,jaishanakarer@gmail.com,25
PR09001413,Babu Nandlal Private ITC - Allahabad,P,"MANDAUR (BALRAMPUR) ,JAGATPUR ALLAHABAD",,Allahabad,Prayagraj,Uttar Pradesh,9005296805,babunandlalpiti2186@gmail.com,70
PU09001744,"Babu Sitaram Singh Private ITI, Dhankeshara, Asepur - Allahabad",P,VILL DHANKESARA POST ASEPUR,,Allahabad,Prayagraj,Uttar Pradesh,8924839951,bssiti3@gmail.com,89
PR09000890,"Balram Institute of Technical Studies, Research & ITC - Allahabad",P,"Balram Institute of Technical Studies, Research & ITC - Allahabad",,Allahabad,Prayagraj,Uttar Pradesh,9335720614,pradeepbhat.16@gmail.com,45
PR09001430,C. M. E. Private ITC - Allahabad,P,"BAJHA, POST: JALALPUR GHOSI, ALLAHABAD",,Allahabad,Prayagraj,Uttar Pradesh,05322401066,miskv73@yahoo.com,71
PR09000949,C.P. Gautam Audhogic prashikshan Kendra - Allahabad,P,jhalwa peepal gaon alld,,Allahabad,Prayagraj,Uttar Pradesh,09453772788,cpgautamiti@gmail.com,47
PR09001615,C.V.A.P.P.S ITC - Allahabad,P,9-H LIDDLE ROAD GEORGE TOWN ALLAHABAD,,Allahabad,Prayagraj,Uttar Pradesh,9935432171,rajendra_sir11@yahoo.co.in,75
PR09001727,"C.V.A.P.P.S., Dhanoyia, Private ITI - Allahabad",P,9-h liddle road george town allahabad,,Allahabad,Prayagraj,Uttar Pradesh,9935432171,rajendra_sir11@yahoo.co.in,79
PR09000857,Chintamani PMV ITC - Allahabad,P,"170/153, Hewett Road, Allahabad",,Allahabad,Prayagraj,Uttar Pradesh,7607004495,karunakuj@gmail.com,43
PR09001065,Data Expert Technical Institute Private ITC - Allahabad,P,"6-A,LOYAL ROAD,CIVIL LINES,ALLAHABAD U.P.",,Allahabad,Prayagraj,Uttar Pradesh,9415317848,contact@data-expert-ti.org,53
PR09001013,Deepanjali Private ITC - Allahabad,P,"BHAGAUWATPUR, LALGOPALGANJ, ALLAHABAD",,Allahabad,Prayagraj,Uttar Pradesh,9838742266,xyz@email.com,50
PR09001535,Dhanraji Devi Yagya Narayan Private ITI - Allahabad,P,"Nibaya,Mejaroad,Meja, Allahabad",,Allahabad,Prayagraj,Uttar Pradesh,7376779601,ddyniti@gmail.com,74
PR09000720,"Dileep Pvt ITI, - Allahabad",P,"Rajapur, Bharatganj",,Allahabad,Prayagraj,Uttar Pradesh,8756095555,dileepiti@gmail.com,37
PR09000318,Dinesh Chandra Viswakarma Private ITC - Allahabad,P,kaurihar atrampur allahabad,,Allahabad,Prayagraj,Uttar Pradesh,9506686651,anilkumar1460@gmail.com,16
PR09000979,Dr. B.R. Ambedkar Private ITC - Allahabad,P,KATAHARA HANDIA ALLAHABAD,,Allahabad,Prayagraj,Uttar Pradesh,9839474351,yadav.rajeshkumar36@gmail.com,49
PR09000707,Ghanshyam Urvashi Private ITC - Allahabad,P,Baudai Phulpur Allahabad,,Allahabad,Prayagraj,Uttar Pradesh,9415757343,viveksingh0928@gmail.com,36
PU09001809,"HANUMAT NIKETAN PRIVATE ITI SADAR ,ALLAHABAD",P,kadilpur kathgaon allahabad,,Allahabad,Prayagraj,Uttar Pradesh,9454976947,shashankshekharsingh49@gmail.com,91
PR09001069,Husaini Private ITC - Allahabad,P,Korali Naseerpur P.O Anapur Allahabad,,Allahabad,Prayagraj,Uttar Pradesh,7860265367,husaini.iti.korali@gmail.com,53
PR09000987,Indira Gandhi Private ITC - Allahabad,P,C-41 upsidc Naini allahabad,,Allahabad,Prayagraj,Uttar Pradesh,9415608710,puneetmtek@gmail.com,49
PR09000276,Indra Bahadur Singh Audyogik Prashikshan Sansthan - Allahabad,P,"VILLAGE - RATYORA, SAZI, KORAON, ALLAHABAD",,Allahabad,Prayagraj,Uttar Pradesh,09452694488,dte@vppup.in,14
PR09000506,Infinity Private ITC - Allahabad,P,PLOT NO.442 TIKRI TALLUKA KANJASA POST-JASRA ALLAH,,Allahabad,Prayagraj,Uttar Pradesh,05322465041,infinity.institution@gmail.com,26
PR09000611,J K Private ITC - Allahabad,P,J.K.pritvat iti 60 feet road 320/1A KASARI MASARI,,Allahabad,Prayagraj,Uttar Pradesh,7379300744,sanjay.kush95@gmail.com,31
PR09001810,"JAGDISH PRIVATE ITI MEJA ,ALLAHABAD",P,"VILL-GHORAHA, POST- KHUNTA, MEJA, ALLAHABAD",,Allahabad,Prayagraj,Uttar Pradesh,9415649098,jagdishiti98@gmail.com,83
PR09000853,Jai Maa Vaishno ITC - Allahabad,P,OLD PHAPHAMAU,,Allahabad,Prayagraj,Uttar Pradesh,9506686651,somvansisandeep@gmail.com,42
PR09000950,Jeevan Jyoti Private ITC - Allahabad,P,DABHAWN REEWA ROAD ALLAHABAD U.P.,,Allahabad,Prayagraj,Uttar Pradesh,9335408668,yadavbd90@gmail.com,47
PR09000868,K.N. Singh ITC - Allahabad,P,TRIVERIPURAM JHUNSI ALLAHABAD,,Allahabad,Prayagraj,Uttar Pradesh,9452872615,chandrasuresh77@gmail.com,43
PR09000909,Kamla Devi ITC - Allahabad,P,SAHSON ALLAHABAD,,Allahabad,Prayagraj,Uttar Pradesh,9935499649,kditi2009@gmail.com,45
PR09001795,"Kamla Devi Private ITI , Neemi Thariya Utrano, Allahabad",P,133/27h/2c chakdaud nagar naini Allahabad,,Allahabad,Prayagraj,Uttar Pradesh,9918889208,singhkumar240@gmail.com,83
PR09001225,Kandhai Singh Singrure ITC - Allahabad,P,ADD-636 H 30 FIT ROAD RAJROOPPUR ALLAHABAD,,Allahabad,Prayagraj,Uttar Pradesh,09936450047,kssitc2008@gmail.com,60
PR09001288,Kirti ITC - Allahabad,P,"326C/73A/1 STANLEY ROAD,ALLAHABAD- 211002",211002,Allahabad,Prayagraj,Uttar Pradesh,958088375309,institute.kriti@gmail.com,63
PR09000864,Late Bela Singh ITC - Allahabad,P,BARAMAR NIBI NAINI ALLAHABAD,,Allahabad,Prayagraj,Uttar Pradesh,9839404170,belasinghitc1408@gmail.com,43
PR09001672,Late Raghuraj Singh - Allahabad,P,BABURIBAN BAMELA HANDIA ALLAHABAD,,Allahabad,Prayagraj,Uttar Pradesh,9935825937,srsitcbaburiban@yahoo.com,77
PR09000992,Late Ram Lal Yadav Private ITC - Allahabad,P,molva khurd devli phoolpur allahabad,,Allahabad,Prayagraj,Uttar Pradesh,9651804178,samratsingh613@gmail.com,49
PR09000357,M.T. Private ITC - Allahabad,P,MEERPUR SORON HADIYA ALLAHBAD,,Allahabad,Prayagraj,Uttar Pradesh,9307256225,mtitcalld@gmail.com,18
PU09001851,"MAA SANTOSI PRIVATE ITI NAINI,ALLAHABAD",P,HIG 113 ADA COLONY NAINI ALLAHABAD,,Allahabad,Prayagraj,Uttar Pradesh,9918381801,maasantoshiiti2607@gmail.com,92
PU09001807,"MAA SHARDA DEVI PRIVATE ITI MASLKA ,ALLAHABAD",P,"MAA SHARDA DEVI PRIVATE ITI MASLKA ,ALLAHABAD",,Allahabad,Prayagraj,Uttar Pradesh,8382825755,abhinavtripathi52@rediffmail.com,91
PR09000688,Maa Gayatri Private ITC - Allahabad,P,MAWAIYA NAINI ALLD,,Allahabad,Prayagraj,Uttar Pradesh,9795459136,piti2221@updte.org,35
PR09000872,Maa Malti Devi Private ITC - Allahabad,P,TIKRI ALLAHABAD,,Allahabad,Prayagraj,Uttar Pradesh,9451181332,mmdititikri@gmail.com,43
PU09001614,Maa Santoshi ITC - Allahabad,P,a d a colony naini allahabad,,Allahabad,Prayagraj,Uttar Pradesh,9415377979,maasantoshiiti1377@gmail.com,86
PU09001694,"Mahadev Private ITC , - Allahabad",P,"KALONI ROAD MEJA ROAD MEJA ,ALLAHABAD",,Allahabad,Prayagraj,Uttar Pradesh,9919832990,mpiti2013@gmail.com,88
PR09000621,Mahatma Gandhi Private ITC - Allahabad,P,Mahatma Gandhi Private ITC - Allahabad,,Allahabad,Prayagraj,Uttar Pradesh,9919832990,swayam.prakash2002@gmail.com,32
PR09001423,Mula Devi Rameshwar Prasad Private ITC - Allahabad,P,malak balau nawabganj soranv allahabad,,Allahabad,Prayagraj,Uttar Pradesh,8604363974,amaresh.singh9@gmail.com,71
PR09000248,Naini ITC - Allahabad,P,B-Block ADA Colony Naini Allahabad,,Allahabad,Prayagraj,Uttar Pradesh,8726578180,puneetmtek@gmail.com,12
PU09001690,Nalanda Private ITI - Allahabad,P,137/123 balarampur house allahabad,,Allahabad,Prayagraj,Uttar Pradesh,9935003635,ramakant@gmail.com,88
PR09001059,Nand Kishor Singh Private ITC - Allahabad,P,"GHATWA , KARCHHANA , ALLAHABAD",,Allahabad,Prayagraj,Uttar Pradesh,9670772664,23.anshuman@gmail.com,53
PR09000668,Nand Kishore Singh Private ITC - Allahabad,P,Dhanuha Chaka Naini Allahabad,,Allahabad,Prayagraj,Uttar Pradesh,9838868000,info.nkdc@gmail.com,34
PR09001529,National Institute of Professional Studies Private ITC - Allahabad,P,8/22 D DWARIKAPURI MUIR ROAD ALLAHABAD UP 211002,211002,Allahabad,Prayagraj,Uttar Pradesh,9415264646,info@nipsinstitute.com,74
PR09001045,New Jai Maa Vaishno Private ITC - Allahabad,P,MADHESHA SORAM ALLAHABAD,,Allahabad,Prayagraj,Uttar Pradesh,9450507774,somvansisandeep@gmail.com,52
PR09000392,Om Shiva Shiv Private ITC - Allahabad,P,GADDOPUR PHAPHAMAU ALLAHABAD,,Allahabad,Prayagraj,Uttar Pradesh,8687422111,omshivashivitc@gmail.com,20
PR09001066,Pioneer Private ITC - Allahabad,P,"Naribari,Bara,Allahabad",,Allahabad,Prayagraj,Uttar Pradesh,9454069630,kkpanday2008@gmail.com,53
PR09001441,Pyarelal Private ITC - Allahabad,P,VILL MEERAPUR POST FATEHPUR GHAT DIST ALLAHABAD,,Allahabad,Prayagraj,Uttar Pradesh,9956925048,pyarelaliti@gmail.com,72
PR09000989,R.K. Institute of Technical Studies Private ITI - Allahabad,P,"MAVAIYA, NAINI, ALLAHABAD",,Allahabad,Prayagraj,Uttar Pradesh,9936466334,rkitst@rediffmail.com,49
PR09000333,R.K. Private ITC - Allahabad,P,"272/116/1B, BAJARANG COLONY, KACHHI SADAK, DARAGAN",,Allahabad,Prayagraj,Uttar Pradesh,9455470684,sachinaryapatel@gmail.com,17
PR09000036,R.V.K Industrial Training Centre Ram Nagar Naini - Allahabad,P,ram nagar naini alld up,,Allahabad,Prayagraj,Uttar Pradesh,05322694845,rvkitc2004@gmail.com,2
PU09001808,"RANA NARESH PRIVATE ITI NAINI, ALLAHABAD",P,ALLAHABAD,,Allahabad,Prayagraj,Uttar Pradesh,54252211001,rnpiti@gmail.com,91
PR09000416,Raj Narayan Private ITC - Allahabad,P,BERUI GARAPUR ALLAHABAD,,Allahabad,Prayagraj,Uttar Pradesh,05332288262,coolrajeshtripathi.2010@rediffmail.com,22
PR09000968,Raja Ram Singh Private ITC - Allahabad,P,Ward No. 13 Janghai Road Handia Allahabad U.P.,,Allahabad,Prayagraj,Uttar Pradesh,9415365471,00rrssiti00@gmail.com,48
PR09000283,Ram Autar Maurya Auddyogik Prashikshan Kendra - Allahabad,P,hanumant nagar khojapur phulpur allahabad,,Allahabad,Prayagraj,Uttar Pradesh,9936638324,krishnaram9936@gmail.com,14
PR09000690,Ram Gulam Private ITC - Allahabad,P,g.t.road bheski saidabad allahabad,,Allahabad,Prayagraj,Uttar Pradesh,8127568356,rgiti9@gmail.com,35
PR09001021,Ram Nihor Patel SmrITC Private ITC - Allahabad,P,MUBARAKPUR PHOOLPUR ALLAHABAD,,Allahabad,Prayagraj,Uttar Pradesh,7379454211,drkp.91@gmail.com,51
PR09001057,Rameshwaram Private ITC - Allahabad,P,"VILLAGE-KASAUTA POST-BASHARA UPARHAR, SHANKARGARH-",,Allahabad,Prayagraj,Uttar Pradesh,9455000704,rameshwaramcollege@gmail.com,53
PR09000724,"Rural Pvt ITI, - Allahabad",P,BAGAI KALA BAGAI KHURD ALLAHABAD,,Allahabad,Prayagraj,Uttar Pradesh,9889649114,pradeepsingh290@yahoo.in,37
PU09001827,"S.D.B.D. Private ITI , Chak Harihar Vah GT Road Jhunsi, Allahabad",P,CHAK HARIHAR VAN G.T. ROAD JHUSHI ALLAHABAD,,Allahabad,Prayagraj,Uttar Pradesh,9838952801,yadavashish905@gmail.com,91
PR09001816,"SRINATH PRIVATE ITI JUNSI, ALLAHABAD",P,11A/1 BANK ROAD ALLAHABAD,,Allahabad,Prayagraj,Uttar Pradesh,9506707143,srinathjnklyn@gmail.com,84
PR09001347,Sai Nath ITC - Allahabad,P,h-3 industriel area naini alld,,Allahabad,Prayagraj,Uttar Pradesh,9936918109,sainathitc@yahoo.com,67
PR09000723,Sandilya Private ITC - Allahabad,P,Chauka janghai ALLAHABAD,,Allahabad,Prayagraj,Uttar Pradesh,9415443115,navnagrik@rediffmail.com,37
PR09001372,Sangam Private ITC - Allahabad,P,"Vill- Andawan, Post- Saray Inayat Allahabad",,Allahabad,Prayagraj,Uttar Pradesh,9956470545,sangampiti@gmail.com,68
PR09001082,Sardar Patel Private ITC - Allahabad,P,MUNGARI RAMPUR KARCHHANA ALLAHABAD,,Allahabad,Prayagraj,Uttar Pradesh,99197280329,skpateliti@gmail.com,54
PR09000652,Saryu Private ITC - Allahabad,P,DEVARA BARA ALLAHABAD U.P.,,Allahabad,Prayagraj,Uttar Pradesh,9450615753,saryuiti@gmail.com,33
PR09000966,Satyam Private ITC - Allahabad,P,"VEOHARA, RAMPUR, ALLAHABAD",,Allahabad,Prayagraj,Uttar Pradesh,05322686114,satyam.iti.veohara2011@gmail.com,48
PR09001034,Saurabh Private ITC - Allahabad,P,GANPAT AWAS GANGOTRI NAGAR NAINI ALLAHABAD,,Allahabad,Prayagraj,Uttar Pradesh,9389991508,praveensingh986@gmail.com,52
PR09000669,Savitri Singh Private ITC - Allahabad,P,HAWELIYA JHUNSI,,Allahabad,Prayagraj,Uttar Pradesh,9450505105,sachinaryapatel@gmail.com,34
PR09001745,"Shall Private ITI, Jari Bazar Jari - Allahabad",P,"VILL-BHAROHA, POST- NAINI (NIBI), ALLAHABAD U.P.",,Allahabad,Prayagraj,Uttar Pradesh,8546056530,anilpandey5076@gmail.com,80
PR09001451,Shambhunath Private ITC - Allahabad,P,"jhalwa, allahabad",,Allahabad,Prayagraj,Uttar Pradesh,7388098060,kp62tewari@yahoo.com,72
PR09000998,Shaurya Private ITC - Allahabad,P,ustapur mahmoodbad jhunsi allahabad,,Allahabad,Prayagraj,Uttar Pradesh,9648935695,sspiti@rediffmail.com,50
PR09001042,Shiv Bahadur Singh Private ITC - Allahabad,P,chandrabhanpur jhalwa allahabad,,Allahabad,Prayagraj,Uttar Pradesh,8052934268,brijnandansingh1981@gmail.com,52
PR09000599,Shiv Private ITC - Allahabad,P,"KAMLA NAGAR, MADHOPUR (SIKANDARA) ALLAHABAD",,Allahabad,Prayagraj,Uttar Pradesh,9415716064,shiviti12@gmail.com,30
PR09000339,Shivalik Private ITC - Allahabad,P,"Vill.-Beekar, PO-Bheeta, near Ghoorpur, Allahabad,",,Allahabad,Prayagraj,Uttar Pradesh,05322541145,shivalikitc@gmail.com,17
PU09001704,"Shri Balaji Private ITI , - Allahabad",P,"Jahageerabad,Naini,Ne ar new Yamuna toll bridge,All",,Allahabad,Prayagraj,Uttar Pradesh,9818500548,ranjan.iitr@gmail.com,89
PR09000632,Shri Devi Prasad Private ITC - Allahabad,P,PILKHINI JANGHAI HANDIA ALLAHABAD,,Allahabad,Prayagraj,Uttar Pradesh,9415457212,sdppiti2210@gmail.com,32
PR09001843,"Shri Ram Chandra Private ITI , Saidabad, Allahabad",P,"Sri Ram Chandra Private ITi Nimahara Dhaam, G.T.",,Allahabad,Prayagraj,Uttar Pradesh,7897456550,sriramchandraiti@gmail.com,85
PR09000659,Shri Ram Private ITC - Allahabad,P,"KOSKAD, BARAON, KARCHHANA, ALLAHABAD.",,Allahabad,Prayagraj,Uttar Pradesh,94424233042,vireshpandey3@gmail.com,34
PR09000702,Shri Sairam Private ITC - Allahabad,P,Uoardaha Handia Allahabad,,Allahabad,Prayagraj,Uttar Pradesh,9415757343,viveksingh0928@gmail.com,36
PR09000434,Smt. Sirtaji Devi Private ITC - Allahabad,P,MEERAPATI UTRAON ALLAHABAD,,Allahabad,Prayagraj,Uttar Pradesh,9792329479,sditi2012@gmail.com,23
PR09000520,"Sri Vighneshwar Private ITI MAMA BHANJA TALAB NAINI,ALLAHABAD - Allahabad",P,MAMA BHANJA KA TALAB NAINI ALLAHABAD U.P.,,Allahabad,Prayagraj,Uttar Pradesh,9807220774,as15061982@gmail.com,27
PR09000967,Vijay Private ITC - Allahabad,P,salaiya meja allahabad,,Allahabad,Prayagraj,Uttar Pradesh,9838868000,info.nkdc@gmail.com,48
PR09000415,Vivekanand Private ITC - Allahabad,P,Bhavapur Shivgarh Soraon Allahabad,,Allahabad,Prayagraj,Uttar Pradesh,9918601281,rajendra1076@gmail.com,22
PR09000184,Wasiatul Uloom ITC - Allahabad,P,23 / 25 BUXI BAZAR ROSHAN BAGH ALLAHABAD - 2110,,Allahabad,Prayagraj,Uttar Pradesh,9506857068,editor.ahmedmakin@gmail.com,10
PR09000922,Yashmati ITC - Allahabad,P,75 chak heeranand ada road naini allahabad,,Allahabad,Prayagraj,Uttar Pradesh,9793012896,lilawati1416@rediffmail.com,46
PR09001418,Ashutosh Private ITI - Raibareli,P,"Baraipur Opp. Galla Mandi, Ratapur Road, Rae Barel",,Rae Bareli,Raebareli,Uttar Pradesh,9919503249,ashutoshpitir@gmail.com,71
PR09000146,Bappa Devtadeen Aqsahari ITC - Raibareli,P,SHANKAR NAGAR DALMAU RAEBARELI,,Rae Bareli,Raebareli,Uttar Pradesh,9918415111,vrajendra.786@gmail.com,8
PR09000466,Choudhary Deen Dayal Patel Private ITI - Raibareli,P,RATAPUR RAEBARELI,,Rae Bareli,Raebareli,Uttar Pradesh,9918092968,principal.deendayal@gmail.com,24
PR09000361,Dipanjali Private ITC - Raibareli,P,DEEPANJALI ITI UNCHAHAR RAI BARELLY,,Rae Bareli,Raebareli,Uttar Pradesh,9838742266,dipanjaliitc@itimail.com,19
PR09000907,Gayadeen Maurya Smarati ITC - Raibareli,P,Pakhhrauli Dalmau,,Rae Bareli,Raebareli,Uttar Pradesh,9415059932,gyadeencollege@gmail.com,45
PR09000886,Gyanodaya ITC - Raibareli,P,Railway Station Road Lalganj Raebareli,,Rae Bareli,Raebareli,Uttar Pradesh,05315245248,piti1289gyanlalrbl@gmail.com,44
PR09000971,Hartalika Singh Private ITC - Raibareli,P,VILLAGE POST BHOJPUR DISTRICT RAEBARELI,,Rae Bareli,Raebareli,Uttar Pradesh,9473732873,piti1305@gmail.com,48
PR09000452,Kanchan Private ITC - Raibareli,P,MANEHRU RAEBARELI,,Rae Bareli,Raebareli,Uttar Pradesh,9450729392,piti2038@gmail.com,24
PR09000980,Kanchan Private ITI - Raibareli,P,149/22 SINGH VIHAR MANIKA ROAD CIVILLINES RAEBAREL,,Rae Bareli,Raebareli,Uttar Pradesh,9450729392,piti1309@gmail.com,49
PR09000369,R. D. J. S. Private ITC - Raibareli,P,"Village- Khairahani, Post- Kundanganj, Raibareli",,Rae Bareli,Raebareli,Uttar Pradesh,7525010003,rdjs455@gmail.com,19
PR09000712,"Savita Pvt ITI, - Raibareli",P,SAVITA ITI VILL- AHAMADPUR KILAULI DIST- RAEBARELI,,Rae Bareli,Raebareli,Uttar Pradesh,9415324494,savitapiti@gmail.com,36
PR09000917,Swarnim ITC - Raibareli,P,"423, SARVODAYA NAGAR, RAEBARELI",,Rae Bareli,Raebareli,Uttar Pradesh,9415177366,sanjay2921976@gmail.com,46
PU09001600,Jayanti Devi Private ITC - Rampur,P,Bareilly Road Near St. Pauls School Post Modipur D,,Rampur,Rampur,Uttar Pradesh,9412290011,jditirampur2013@gmail.com,86
PR09001360,Major General Gurbaksh Singh Gill ITC - Rampur,P,"Vill. Sarakthal,PO. Peepli Nayak Teh. Tanda, Block",,Rampur,Rampur,Uttar Pradesh,05952565100,ititanda@yahoo.com,67
PR09000995,Rastriya Private ITC - Rampur,P,VILLAGE AND POST SAIDNAGAR DISTT RAMPUR 244927,244927,Rampur,Rampur,Uttar Pradesh,9759555478,itisaidnagar12@gmail.com,50
PR09001774,"Abhiyantri Private ITI , Fatehpur Bhado Chhutmalpur, behat, Saharanpur",P,"Choudhary Colony, Near ISBT, Dehradun (UK)",,Saharanpur,Saharanpur,Uttar Pradesh,9997486050,yuddhveer_1974@yahoo.co.in,82
PR09001155,Adarsh ITC - Saharanpur,P,ADARSH ITI NEW POWER HOUSE TOWN AND POST NAKUR,,Saharanpur,Saharanpur,Uttar Pradesh,9410467299,adarshiti2009@gmail.com,57
PR09000108,Astha Industrial Training Institute Tapri - Saharanpur,P,"SANTAGARH ROAD, TAPRI SAHARANPUR",,Saharanpur,Saharanpur,Uttar Pradesh,9997810844,piti1538@gmail.com,6
PR09000295,Bala Ji Private ITC - Saharanpur,P,VPO SORANA DISTT SAHARANPUR,,Saharanpur,Saharanpur,Uttar Pradesh,9758523300,poonamtomer24@gmail.com,15
PR09000065,"Bhartiya Industrial Training Institute, Deoband [PITI] - Saharanpur",P,"opp.railway station, sant coloney",,Saharanpur,Saharanpur,Uttar Pradesh,9897081750,ash_biti@rediffmail.com,4
PR09001838,CHAMAN DEVI PARA MEDICAL PRIVATE ITI RAMPUR SAHARANPUR,P,VILL SADHOLI HARIYA MALHIPUR RAOD SAHARANPUR,,Saharanpur,Saharanpur,Uttar Pradesh,8923232239,chamandeviiti@gmail.com,85
PR09001017,Ch. Sobha Ram Private ITC - Saharanpur,P,VILLAGE SALEYAR POST TETROON DISTT SAHARANPUR PIN,,Saharanpur,Saharanpur,Uttar Pradesh,8445269491,kumarsanjaydev100@gmail.com,51
PR09001785,"Chaudhari Ameer Singh Saini Pairamedical Private ITI , Sumli Nagrajpur, Saharanpur",P,Chaudhari Ameer Singh Saini Pairamedical Private I,,Saharanpur,Saharanpur,Uttar Pradesh,8006222212,raj9719720026@gmail.com,82
PR09001822,"D.A.V PARAMEDICAL PRIVATE ITI JHARAULI, SAHARANPUR",P,"Vill- Jharauli, Sarsawa, Saharanpur",,Saharanpur,Saharanpur,Uttar Pradesh,9412007104,praveenchoudhary79.pc@gmail.com,84
PR09001773,"Doon Private ITI , Sunderpur, behat, Saharanpur",P,"V.P.O. - Sunderpur, Distt- Saharanpur",,Saharanpur,Saharanpur,Uttar Pradesh,9412007104,info@dooncollege.info,82
PR09000865,Dr. B.R. Ambedkar ITC - Saharanpur,P,"VILL-BHATKHERI, POST- NAGAL DISTT.- SAHARANPUR",,Saharanpur,Saharanpur,Uttar Pradesh,8006222212,rahulbharti9897@gmail.com,43
PR09001016,Forth Dimension Private ITC - Saharanpur,P,VILL KAMALPUR POST CHHUTMALPUR DISTT SAHARANPUR U.,,Saharanpur,Saharanpur,Uttar Pradesh,9319090472,piti01602@gmail.com,51
PR09001512,Gujar Industrial Training Centre - Saharanpur,P,VPO.- Umahi Kalan Distt.- Saharanpur,,Saharanpur,Saharanpur,Uttar Pradesh,01336252213,gurjariti1985@gmail.com,73
PR09001159,Hem ITC - Saharanpur,P,HEM I.T.I PILAKHANI SAHARANPUR U.P.,,Saharanpur,Saharanpur,Uttar Pradesh,9412016322,piti1574@gmail.com,58
PR09000127,Ideal Industrial Training Institute Swami Dayanand Vihar Delhi Road - Saharanpur,P,sari faiz ali opp.kamran market saharanpur,,Saharanpur,Saharanpur,Uttar Pradesh,8791802854,piti1547@yahoo.in,7
PR09001736,"Jagdish Prashad Private ITI , Village Latifpur, Saharanpur U.P. - Saharanpur",P,JAGDISH PRASAD ITI VILL LATIFPUR NAKUR SAHARANPUR,,Saharanpur,Saharanpur,Uttar Pradesh,9457642730,sanjeev007.1458@rediffmail.com,80
PR09001720,Kamlesh Paramedical Private ITC - Saharanpur,P,VILL-KAMALPUR POST- CHHUTMALPUR DISTT- SAHARANPUR,,Saharanpur,Saharanpur,Uttar Pradesh,9368351392,kamlesh2473@gmail.com,79
PR09000123,Khushi Ram Tyagi Memorial Training Centre Chhackhherki - Saharanpur,P,"VILL-CHHACHHREKI, PO - PUNDEN, SAHARANPUR",,Saharanpur,Saharanpur,Uttar Pradesh,9412055812,vktyagi230@gmail.com,7
PR09000088,Krishana Industrial Training Centre - Saharanpur,P,KRISHNA ITI NEAR RAILWAY STATION SARSAWA DISTT SAH,,Saharanpur,Saharanpur,Uttar Pradesh,01331244644,piti1534@gmail.com,5
PR09001087,Krishna Private ITC - Saharanpur,P,vill-kamalpur post- chhutmalpur distt- saharanpur,,Saharanpur,Saharanpur,Uttar Pradesh,9368351392,kumarsainianil@gmail.com,54
PR09000173,Maa Shakumbhari ITC - Saharanpur,P,Vill-Chuharpur Kalan Po- Behat Distt- Saharanpur,,Saharanpur,Saharanpur,Uttar Pradesh,9412873117,maashakumbhari.itc@gmail.com,9
PR09000550,Madani Technical Institute - Saharanpur,P,"IDGAH ROAD, DEOBAND, DISTT- SAHARANPUR (U.P.)",,Saharanpur,Saharanpur,Uttar Pradesh,1336222399,info@madanitechnicalinstitute.com,29
PR09000809,Malkhan Singh Industrial Training Centre - Saharanpur,P,"MALKHAN SINGH ITI,DELHI ROAD,NANAUTA",,Saharanpur,Saharanpur,Uttar Pradesh,01336253700,piti1517@gmail.com,40
PR09000946,Master Pahal Singh ITC - Saharanpur,P,VILL PILKHANI POST GHATHERA TEHSIL RAMPUR MANIHARA,,Saharanpur,Saharanpur,Uttar Pradesh,9761656332,piti1600@gmail.com,47
PR09001133,Mother Teresa ITC - Saharanpur,P,"OPP. VIKAS BHAWAN, DELHI ROAD,SAHARANPUR",,Saharanpur,Saharanpur,Uttar Pradesh,9412230932,ranasurendra94@gmail.com,56
PR09001542,National Industrial Training Centre - Saharanpur,P,National I.T.I. Sarsawa Sharanpur,,Saharanpur,Saharanpur,Uttar Pradesh,9412016322,nitisarsawa@gmail.com,74
PR09001812,"Om Santosh Paramedical Private ITI , Daldpura, Nakur, Saharanpur",P,VILL DAIDPURA RAMPUR MANIHARAN TEHSIL NAKUR DISTT,,Saharanpur,Saharanpur,Uttar Pradesh,9760420599,omsantoshedu@gmail.com,84
PR09000671,Om Santosh Private ITI - Saharanpur,P,CHAK HARETI JANTA ROAD SAHARANPUR,,Saharanpur,Saharanpur,Uttar Pradesh,9760420599,omsantoshedu@gmail.com,34
PR09000933,Pious Private Itc - Saharanpur,P,"VILL- DINARPUR , POST- GAGALHERI, SAHARANPUR",,Saharanpur,Saharanpur,Uttar Pradesh,9528777324,piousiti@gmail.com,46
PR09001839,"RAM JI LAL PRIVATE ITI [2594] BILASPUR,SAHARA NPUR",P,12-13 shastri nagar saharanpur,,Saharanpur,Saharanpur,Uttar Pradesh,9456297789,ramjilal@gmail.com,85
PR09001523,"Ramaiya Industrial Training Centre,Chhutmalp ur - Saharanpur",P,"VPO- CHHUTMALPUR,DISTT- SAHARANPUR (U.P.)",,Saharanpur,Saharanpur,Uttar Pradesh,01322782212,tarangsharma@gmail.com,74
PR09000756,Rohilla Audhogic Prashikshan Centre - Saharanpur,P,"NAGAL ROAD, TAPRI SAHARANPUR.",,Saharanpur,Saharanpur,Uttar Pradesh,9719263951,piti1515@gmail.com,38
PR09001090,"Sai International I.T.I., Naya Gaon, RamNagar, Malhipur Road [Ins.Code: ] - Saharanpur",P,"Nayagaon,Ramnagar Saharanpur",,Saharanpur,Saharanpur,Uttar Pradesh,9837036331,saiinternationalitc@gmail.com,55
PU09001638,Sardar Vallabh Bhai Patel ITC - Saharanpur,P,"VILL - UNALI 6 KM STONE GANGOH ROAD, SAHARANPUR",,Saharanpur,Saharanpur,Uttar Pradesh,9411298533,sguptalbs@gmail.com,87
PR09001526,Satya ITC - Saharanpur,P,sari faiz ali opp.kamran market saharanpur,,Saharanpur,Saharanpur,Uttar Pradesh,8791802854,piti1510@rediffmail.com,74
PR09000068,"Shakumbhari Industrial Training Centre,Mohmadp ur Bahololpur,Delhi Road - Saharanpur",P,"Mohamadpur Bahalolpur Kankarkui, Delhi Road, Sahar",,Saharanpur,Saharanpur,Uttar Pradesh,9412234042,maashakumbhari.itc@gmail.com,4
PR09001235,"Shree Bala Ji (P) ITI - Toli, Saharanpur",P,"vill toli ,po- fundpuri,distt- saharanpur",,Saharanpur,Saharanpur,Uttar Pradesh,9758249294,drsonveer@gmail.com,61
PR09001313,Sumitra Saini ITC - Saharanpur,P,"SAINI NAGAR,NANAUTA ROAD,GANGOH,SAHAR ANPUR",,Saharanpur,Saharanpur,Uttar Pradesh,9759856916,piti1586@gmail.com,65
PR09001433,Swami Vivekanand Private ITC - Saharanpur,P,"914,Lattmaran gali,Jagadhari,Haryana",,Saharanpur,Saharanpur,Uttar Pradesh,01322781202,svp198@gmail.com,71
PR09000307,Thakur Bharat Singh Memorial Private ITC - Saharanpur,P,"17 km Behat Road, Daudpura, Saharanpur",,Saharanpur,Saharanpur,Uttar Pradesh,9358303435,piti1616@yahoo.com,16
PR09000297,Tilak Ram Saini Private ITC - Saharanpur,P,VILL SORANA POST SARSAWA DISTT SAHARANPUR,,Saharanpur,Saharanpur,Uttar Pradesh,9837069115,sewpl@redifmail.com,15
PR09000888,Utkarsh ITC - Saharanpur,P,VILLAGE CHAKWALI POST BEERAKHARI DISTRICT SAHARANP,,Saharanpur,Saharanpur,Uttar Pradesh,09719595777,utkarshiti@gmail.com,44
PR09000021,"Al-Train Industrial Training Institute, Sambhal - Sambhal",P,TARIN CAMPUS BEHJOI ROAD SAMBHAL,,Sambhal,Sambhal,Uttar Pradesh,9837052817,camdtpcenter_sbl@rediffmail.com,2
PR09001494,Chandra Pal Arya Mahila Technical Institute - Sambhal,P,Chandrapal Arya mahila technical institute babrala,,Sambhal,Sambhal,Uttar Pradesh,9412147316,cparya.mti@gmail.com,73
PR09000117,Ganpati Industrial Training Centre (Ganpati ITI) - Sambhal,P,VIKAS NAGAR BAHJOI ROAD CHANDAUSI,,Sambhal,Sambhal,Uttar Pradesh,9411265146,mayankagr_1978@rediffmail.com,6
PR09000802,Om Industrial Training Centre (Om ITI) - Sambhal,P,"LCC CAMPUS, STATION ROAD, CHANDAUSI",,Sambhal,Sambhal,Uttar Pradesh,9412310990,pcrai68@gmail.com,40
PR09001766,"St. Anthony’s Private ITI , Dugawar Asmoli, Sambhal",P,VILL DUGAWAR POST ASMOLI DIST SAMBHAL,,Sambhal,Sambhal,Uttar Pradesh,05923221527,royanjanam@yahoo.co.in,81
PR09000321,Vidya Private ITC - Sambhal,P,Vill.& Post Gumsani Distt. Sambhal.,,Sambhal,Sambhal,Uttar Pradesh,8445550555,vidyaitimbd@rediffmail.com,16
PR09000234,Abhimanyu Pratima ITC - Santkabir Nagar,P,DIGHA BY PASS KHALILABAD SANTKABIR NAGAR,,Sant Kabir Nagar,Sant Kabir Nagar,Uttar Pradesh,9415173483,sabhimanyu72@yahoo.co.in,12
PR09001381,Baba Parvat Nath Audyogik Prashikshan Kendra - Santkabir Nagar,P,VILL PARVATA POST VISHWANATHPUR SANTKABIR NAGAR,,Sant Kabir Nagar,Sant Kabir Nagar,Uttar Pradesh,9792618186,ajay.bcam@gmail.com,69
PR09000432,Badamee Pvt. ITC - Santkabir Nagar,P,"plotno.45,46,47 by pass khalilabad santkabir nagar",,Sant Kabir Nagar,Sant Kabir Nagar,Uttar Pradesh,9415173483,sabhimanyu72@yahoo.co.in,23
PR09001754,"Chaitanya Bharat Private ITI , Bhujaini Khalilabad, Sant Kabir Nagar",P,"NH-28,Bhujaini Khalilabad,Sant Kabeer Nagar",,Sant Kabir Nagar,Sant Kabir Nagar,Uttar Pradesh,9793572000,globalassociatecompany@gmail.com,81
PR09000348,New Jagdish Durgawati Private ITC - Santkabir Nagar,P,"Khalilabad,Santkabirnag ar",,Sant Kabir Nagar,Sant Kabir Nagar,Uttar Pradesh,05525231318,arunkumar9032@gmail.com,18
PR09001641,Pt. Jagat Narayan Harihar Nath Chaturvedi Private ITC - Santkabir Nagar,P,VPO KARMA KALA DISTT SANT KABIR NAGAR,,Sant Kabir Nagar,Sant Kabir Nagar,Uttar Pradesh,9415173851,itikarmakala58@gmail.com,76
PR09000705,Sai Private ITC - Santkabir Nagar,P,"Vill-Chhapiya Angad, post-Belauli, Mehdawal Distt-",,Sant Kabir Nagar,Sant Kabir Nagar,Uttar Pradesh,0551225029,sonatiwari272@gmail.com,36
PR09000536,Sardar Patel Private ITC - Santkabir Nagar,P,BARGADWA KOPIA DISTT SANT KABIR NAGAR,,Sant Kabir Nagar,Sant Kabir Nagar,Uttar Pradesh,9919244124,spcollegekopia@gmail.com,28
PR09001000,Shri Jagdish Durgawati Private ITC - Santkabir Nagar,P,Station Road Khalilabad Santkabirnagr,,Sant Kabir Nagar,Sant Kabir Nagar,Uttar Pradesh,05525231318,arunkumar9032@gmail.com,50
PR09001407,Sushila Singh Private ITC - Santkabir Nagar,P,Vill. Sanaura Mehadawal sant kabir nagar,,Sant Kabir Nagar,Sant Kabir Nagar,Uttar Pradesh,9453069494,piti2109@gmail.com,70
PR09000732,D. J. D. Private ITC - Santravidas Nagar (Bhadohi),P,ramnagara gopiganj road gyanpur sant ravidas nagar,,Sant Ravidas Nagar (Bhadohi),Sant Ravidas Nagar (Bhadohi),Uttar Pradesh,9452300549,djditigyanpur@yahoo.com,38
PR09001850,"KUSUMANJALI PRIVATE ITI GYANPUR, BHADOHI",P,VILL-BELSANAI POST- SIKRARA,,Sant Ravidas Nagar (Bhadohi),Sant Ravidas Nagar (Bhadohi),Uttar Pradesh,9451625549,dhirendramishra711@gmail.com,85
PR09000830,Keshav Prasad Ralhi ITC - Santravidas Nagar (Bhadohi),P,"SAHASEPUR,KHAMARIA ,S.R.N. BHADOHI",,Sant Ravidas Nagar (Bhadohi),Sant Ravidas Nagar (Bhadohi),Uttar Pradesh,9918933335,brijkped@gmail.com,41
PR09000281,Late. L.P. Singh Memorial Private ITC - Santravidas Nagar (Bhadohi),P,"JAMIN SHOR URF SHEKH PUR, CIVIL LINE, KHANNA PURI,",,Sant Ravidas Nagar (Bhadohi),Sant Ravidas Nagar (Bhadohi),Uttar Pradesh,9335759078,lpsmiti1918@rediff.com,14
PR09000679,Param Pujya Maharaj Ji Private ITC - Santravidas Nagar (Bhadohi),P,MUKTTAPUR POST- HERDIEPUR DIST-S R N BHADOHI,,Sant Ravidas Nagar (Bhadohi),Sant Ravidas Nagar (Bhadohi),Uttar Pradesh,9838475747,radhemohanchaubey@gmail.com,35
PR09001179,Pvt. ITI Kathauta - Sant Ravidas Nagar (Bhadohi),P,"KATHAUTA, GOPIGANJ, BHADOHI",,Sant Ravidas Nagar (Bhadohi),Sant Ravidas Nagar (Bhadohi),Uttar Pradesh,9935769100,itikathauta@gmail.com,58
PR09001399,Shri Shiv Shankar Private ITC - Santravidas Nagar (Bhadohi),P,N P GHOSIA AURAI BHADOHI,,Sant Ravidas Nagar (Bhadohi),Sant Ravidas Nagar (Bhadohi),Uttar Pradesh,8090449021,prashantmishra617@gmail.com,70
PR09000500,Smt. Devki Devi Private ITC - Santravidas Nagar (Bhadohi),P,NAREPAR UPARWAR SITAMANI SRN BHADOHI,,Sant Ravidas Nagar (Bhadohi),Sant Ravidas Nagar (Bhadohi),Uttar Pradesh,9415360215,rananjaysingh33@gmail.com,26
PR09000390,Sri Sankat Mochan Private ITC - Santravidas Nagar (Bhadohi),P,DANIPATI BHADOHI UP,,Sant Ravidas Nagar (Bhadohi),Sant Ravidas Nagar (Bhadohi),Uttar Pradesh,9415451957,sankatmochaniti@rediffmail.com,20
PR09000510,V.P. Singh Private ITI - Santravidas Nagar (Bhadohi),P,PUREKHUSHAHAL ABHIYA SURIYAWAN SRN BHADOHI,,Sant Ravidas Nagar (Bhadohi),Sant Ravidas Nagar (Bhadohi),Uttar Pradesh,05414277585,vpsitc@gmail.com,27
PR09001496,Nave Private ITC - Shahjahanpur,P,"NAVE TECHNICAL INSTITUTE, LODHIPUR, SHAHJAHANPUR (",,Shahjahanpur,Shahjahanpur,Uttar Pradesh,05842280042,ashishmassey.3700@gmail.com,73
PU09001686,Progressive Private ITI [1431] - Shahjahanpur,P,VILL NAGARIYA FEELNAGAR PS MIRANPUR KATRA TEH TILH,,Shahjahanpur,Shahjahanpur,Uttar Pradesh,9456437502,progressiveitipvt@gmail.com,88
PR09000455,Sri Balaji Private ITC - Shahjahanpur,P,VILL SATWAN BUZURG POWAYAN SHAHJAHANPUR,,Shahjahanpur,Shahjahanpur,Uttar Pradesh,9415347256,cie_vimlesh@rediffmail.com,24
PU09001626,Dayanand Industrial Centre - Shamli,P,DAYANAND ITI VPO JALALABAD SHAMLI UP,,Shamli,Shamli,Uttar Pradesh,01398233372,piti1502@gmail.com,87
PR09001749,"Gurudev Private ITI , Link Road Jamalpur Kairana, Shamli",P,LINK ROAD PAWTI VILL JAMALPUR POST JHIJHANA DISTT,,Shamli,Shamli,Uttar Pradesh,8979330743,piti2502@gmail.com,81
PU09001627,Mahila Polytechnic ITC - Shamli,P,MAHILA POLYTECHNIC ITC AILUM SHAMLI(UP),,Shamli,Shamli,Uttar Pradesh,9871207177,dk4229715@gmail.com,87
PR09001628,Munshi Ram Industrial Training Centre - Shamli,P,"IN FRONT OF RAJ PLACE, KAIRANA ROAD, KANDHLA, DIST",,Shamli,Shamli,Uttar Pradesh,9813265112,mriti47@gmail.com,76
PU09001637,Sai Private ITI - Shamli,P,"3Km.stone,Saharanpur Road,Shamli(U.P.)",,Shamli,Shamli,Uttar Pradesh,01398253594,arvin_rc@yahoo.com,87
PR09001631,Shri Balaji Industrial Training Centre - Shamli,P,BALA JI I.T.I KAIRANA SHAMLI,,Shamli,Shamli,Uttar Pradesh,9728943441,sbjiti@gmail.com,76
PU09001629,St. R. C. Technical Training Institute - Shamli,P,"Majra Road, Shamli",,Shamli,Shamli,Uttar Pradesh,01398251594,strcitishamli1508@gmail.com,87
PR09001717,"Sahab Ram Singh Private ITC, - Shravasti",P,"Vill Baidaura Mashrik, Post- Deen Namgarh, Ikauna,",,Shrawasti,Shravasti,Uttar Pradesh,9452423940,sahabramsinghiti@gmail.com,79
PR09000778,Dr. Bhim Rao Ambedkar Industrial Training Centre - Siddharth Nagar,P,Bheemapar Siddharth nagar UP,,Siddharthnagar,Siddharthnagar,Uttar Pradesh,05544221121,piti1627@gmail.com,39
PR09000581,Khair Technical Centre Indl Trg. Centre - Siddharth Nagar,P,DOMARIAGANJ SIDDHARTHNAGAR,,Siddharthnagar,Siddharthnagar,Uttar Pradesh,055412444438,khaircentre@gmail.com,30
PR09001732,"Arjun Priavte ITI , Kanduni, Sitapur U.P. - Sitapur",P,"VILL. KANDUNI,PO.DHAUKAL GANJ,BISWAN,SITAPUR",,Sitapur,Sitapur,Uttar Pradesh,9919997994,arjuniti.stp@gmail.com,80
PR09000831,Institute of Industrial Trg. - Sitapur,P,"Vill & Post- Resora ,Sitapur",,Sitapur,Sitapur,Uttar Pradesh,9838500960,anuj.vkm3@gmail.com,41
PU09001756,"K. N. Private ITI , Korauna, P.O. Jarigawan, Sitapur",P,"KORAUNA, MISHRIKHROAD, SITAPUR",,Sitapur,Sitapur,Uttar Pradesh,9415003667,apslko1948@gmail.com,90
PR09001335,Maa Kamla Devi Pitambara Vidyapeeth ITC - Sitapur,P,"vill- para, post-dhondhi, sitapur",,Sitapur,Sitapur,Uttar Pradesh,9984511110,piti1271@gmail.com,66
PR09000943,Manas ITC - Sitapur,P,Shyam nath road munshigung sitapur,,Sitapur,Sitapur,Uttar Pradesh,05862225193,piti1300sit@gmail.com,47
PR09001212,Seth Ram Gulam Muneshwar Prasad ITI - Sitapur,P,"AMEERGANJ, MAHMOODABAD, SITAPUR-261203",261203,Sitapur,Sitapur,Uttar Pradesh,9871012920,rbaiswar25@gmail.com,60
PR09001006,ASTHA PRIVATE ITI - Sonebhadra,P,pauni patawadh robertsganj sonbhadra,,Sonbhadra,Sonbhadra,Uttar Pradesh,9415224382,asthaiti1885@gmail.com,50
PU09001841,"ATMARAM PRIVATE ITI CHOPAN MAIN ROAD,SONEBHAN DRA",P,"GAJRAJ NAGAR, BILLI, OBRA-CHOPAN MAIN RAOD, OBRA S",,Sonbhadra,Sonbhadra,Uttar Pradesh,9415433086,itisonsociety@gmail.com,92
PR09001442,Bio Tech Private ITC - Sonebhadra,P,Bio Tech Private ITC - Sonebhadra,,Sonbhadra,Sonbhadra,Uttar Pradesh,9415266253,baleshwer2578@gmail.com,72
PR09000640,Central Private ITC - Sonebhadra,P,CHOPAN NEAR PANITANKI,,Sonbhadra,Sonbhadra,Uttar Pradesh,8127029300,centralitc@rediffmail.com,33
PR09001429,"Deva Private ITI, - Sonebhadra",P,MURDHAWA RENUKOOT,,Sonbhadra,Sonbhadra,Uttar Pradesh,9792124060,itideva@yahoo.com,71
PR09001674,Devo Mahesh Private ITC - Sonebhadra,P,shukrut Ravertsganj,,Sonbhadra,Sonbhadra,Uttar Pradesh,9839450062,mirza_iitr@rediffmail.com,77
PR09001113,Ganesh Dutta ITC - Sonebhadra,P,"MALDEVA, DUDHI- SONEBHADRA (U.P.)",,Sonbhadra,Sonbhadra,Uttar Pradesh,9415678157,ganeshduttitc.dudhi@gmail.com,55
PR09000456,Kashi Private ITC - Sonebhadra,P,"VILLAGE-SUKRIT POST- SUKRIT, SONEBHADRA",,Sonbhadra,Sonbhadra,Uttar Pradesh,7081749536,kashi.pvt2012@gmail.com,24
PR09000186,Maa Durga National ITC - Sonebhadra,P,maa durga national pvt itc anpara sonebhadra up,,Sonbhadra,Sonbhadra,Uttar Pradesh,9450311614,srj.itc@gmail.com,10
PR09001684,Modern Private ITI - Sonebhadra,P,HIRACHAK MAHULI DUDHI SONBHADRA UP,,Sonbhadra,Sonbhadra,Uttar Pradesh,8795791995,mitcncvt@gmail.com,78
PR09000153,National ITC - Sonebhadra,P,Pushauli Ravartsganj,,Sonbhadra,Sonbhadra,Uttar Pradesh,9415251686,sarojkumarsingh9@gmail.com,8
PR09000387,New Bharti Private ITC - Sonebhadra,P,Renukoot Sonebhadra,,Sonbhadra,Sonbhadra,Uttar Pradesh,9415251686,sarojkumarsingh9@gmail.com,20
PR09000828,New Indian Private ITC - Sonebhadra,P,Dibulganj Anpara,,Sonbhadra,Sonbhadra,Uttar Pradesh,9415251686,sarojkumarsingh9@gmail.com,41
PR09000407,Purvanchal Private ITC - Sonebhadra,P,QR.NO-JR 428 HINDALCO COLONEY RENUKOOT SONEBHDRA U,,Sonbhadra,Sonbhadra,Uttar Pradesh,9454056297,singhm705@gmail.com,21
PR09000721,R.V. Private ITC - Sonebhadra,P,"CHAPKI, SONEBHADRA",,Sonbhadra,Sonbhadra,Uttar Pradesh,9565784340,principal@rviti.com,37
PR09000001,Rastriya Industrial Training Centre - Sonebhadra,P,Renuko,,Sonbhadra,Sonbhadra,Uttar Pradesh,9415251686,sarojkumarsingh9@gmail.com,1
PR09000327,Rudra Prasad Private ITC - Sonebhadra,P,"DHARSARA, GHORAWAL, sONBHADRA, UP",,Sonbhadra,Sonbhadra,Uttar Pradesh,9918301051,toskdubey@gmail.com,17
PR09001646,Sonanchal ITC - Sonebhadra,P,NEAR- RAILWAY STAION DUDDHI SOENBHADRA U.P,,Sonbhadra,Sonbhadra,Uttar Pradesh,8127029300,sonanchaliti@rediffmail.com,76
PR09000408,Taasha Private ITC - Sonebhadra,P,Gram-Amdih Post- Hinauta Sonebhadra U.P,,Sonbhadra,Sonbhadra,Uttar Pradesh,8874282671,tashaprivateiti@gmail.com,21
PR09000384,Urjanchal Private ITC - Sonebhadra,P,Kuvanala(Auri) Anpara Sonebhadra,,Sonbhadra,Sonbhadra,Uttar Pradesh,9415251686,sarojkumarsingh9@gmail.com,20
PR09000770,Vijay Industrial Training Centre - Sonebhadra,P,"Vijay Pvt ITI, Billi, Obra, Sonbhadra,up.",,Sonbhadra,Sonbhadra,Uttar Pradesh,8604404054,vijaypvtitiobra@gmail.com,38
PR09000200,Vishwakarma Pvt. ITI - Sonebhadra,P,"JAPEE TOWNSHIP, DALLA, SONEBHADRA, UP",,Sonbhadra,Sonbhadra,Uttar Pradesh,9918501734,principal.vitc@jalindia.co.in,10
PR09000262,Yug Shanti Private ITC - Sonebhadra,P,"UTTAR MUHAL,ROBERTSGANJ, SONEBHADRA U.P.",,Sonbhadra,Sonbhadra,Uttar Pradesh,9450815541,yugshanti.iti.1716@rediffmail.com,13
PR09000610,Abhay Private ITC - Sultanpur,P,VIBHARPUR JAISINGHPUR SULTANPUR,,Sultanpur,Sultanpur,Uttar Pradesh,9450046514,sailendra135@gmail.com,31
PR09000135,Anand Softech Pvt Ltd Industrial Training Centre - Sultanpur,P,"771/1 PWD ROAD, CIVILLINES SULTANPUR",,Sultanpur,Sultanpur,Uttar Pradesh,9450046061,piti1225@gmail.com,7
PR09000460,Barsati Memorial Private ITC - Sultanpur,P,"vill- andaripur,kadipur,sulta npur,uttar pradesh",,Sultanpur,Sultanpur,Uttar Pradesh,8115679894,piti2024sul@gmail.com,24
PR09001240,Bhagwandeen Singh ITC - Sultanpur,P,VILL DELHI BAZAR POST ATOULA DISTT SULTANPUR,,Sultanpur,Sultanpur,Uttar Pradesh,99196670007,piti1261bds@gmail.com,61
PR09000083,Central Industrial Training Centre Rahul Chouraha - Sultanpur,P,Rahul Chauraha sultanpur,,Sultanpur,Sultanpur,Uttar Pradesh,05362226837,centraliti2007@gmail.com,5
PR09001723,"Chandra Shekhar Private ITC,Sultanpur - Sultanpur",P,"vill-kanhapur,post- jaisinghpur,dist- sultanpur",,Sultanpur,Sultanpur,Uttar Pradesh,8052672000,lp007tiwari@gmail.com,79
PR09000267,Dan Bahadur Singh ITC - Sultanpur,P,LOHARAMAU SULTANPUR,,Sultanpur,Sultanpur,Uttar Pradesh,9415383101,piti1239@gmail.com,13
PR09000279,Goverdhan Private ITC - Sultanpur,P,VILL GOPALPUR POST BIKWAJITPUR TAHSHIL LAMBHUA SUL,,Sultanpur,Sultanpur,Uttar Pradesh,9415383034,goverdhanpvtiti@gmail.com,14
PR09000473,Guru Saran Private ITC - Sultanpur,P,"Gram&Post-Waidaha, Distt-Sultanpur(U.P.)",,Sultanpur,Sultanpur,Uttar Pradesh,9473810813,mishramunna73@rediffmail.com,25
PR09000261,Gurukul Academy ITC - Sultanpur,P,Vill Lohangi Po Dhanpatganj(Atarsuma) Distt Sultan,,Sultanpur,Sultanpur,Uttar Pradesh,9005600001,gurukuliti123@gmail.com,13
PR09001606,"Hindustan Audyogic Prashikshan Centre, Bahadurpur - Sultanpur",P,vill & post-bahadurpur sultanpur,,Sultanpur,Sultanpur,Uttar Pradesh,9807705195,hindustanitc5@gmail.com,75
PR09000906,Jagdish Prasad ITC - Sultanpur,P,VILL AND POST SAURMAU SULTANPUR,,Sultanpur,Sultanpur,Uttar Pradesh,9336039015,piti1291sultanpur@gmail.com,45
PR09001028,Kali Charan RamCharan Private ITC - Sultanpur,P,"Kali Charan RamCharan Private ITI, Sultanpur",,Sultanpur,Sultanpur,Uttar Pradesh,05362231114,kcrcitc@gmail.com,51
PR09000517,Kamayani Private ITC - Sultanpur,P,AJIYAUR UCHHAGAWAN ALIGANJ SULTANPUR,,Sultanpur,Sultanpur,Uttar Pradesh,9889302052,kamayanipvtitisln@rediffmail.com,27
PR09000934,Kamla Prasad Mishra ITC - Sultanpur,P,BHADAIYA SULTANPUR,,Sultanpur,Sultanpur,Uttar Pradesh,7800774787,piti1299@gmail.com,47
PR09000829,Late Jai Bahadur Singh Memorial ITC - Sultanpur,P,"GULALPUR BAJAR, POST- MAHARANI PACHIM, TAHSEEL- LA",,Sultanpur,Sultanpur,Uttar Pradesh,9919307111,piti1282sul@gmail.com,41
PR09000911,Maha Kavi Kali Das ITC - Sultanpur,P,AREMAU KARAUNDI KALAN,,Sultanpur,Sultanpur,Uttar Pradesh,8005189210,mkkd.iti@gmail.com,45
PR09000441,Manika Prasad Private ITC - Sultanpur,P,KALAN AKHANDNAGAR SULTANPUR,,Sultanpur,Sultanpur,Uttar Pradesh,8400969938,satyam842@gmail.com,23
PR09001405,Narayan Private ITC - Sultanpur,P,HN.1475 SHIV CHOWK KUDWAR NAKA SULTANPUR,,Sultanpur,Sultanpur,Uttar Pradesh,9450712019,grishsingh101@gmail.com,70
PR09001219,Narendra Pratap Singh Pvt. I T I - Sultanpur,P,Vill Chandpur Post- Dwarikaganj Sultanpur,,Sultanpur,Sultanpur,Uttar Pradesh,9628456193,npsitc@gmail.com,60
PR09000982,Pt. Badri Narayan ITC - Sultanpur,P,"VILL&PO- UNURAKHA,THANA- AKHAND NAGAR,DIST- SULTANPU",,Sultanpur,Sultanpur,Uttar Pradesh,9651006900,santoshpbniti@gmail.com,49
PR09000328,Pt. Bhagawtideen Dwivedi Private ITC - Sultanpur,P,"Gopinathpur, Barua, Sultanpur",,Sultanpur,Sultanpur,Uttar Pradesh,9839233333,ptbdditi@gmail.com,17
PR09000143,Pt. Hari Ram Tiwari Audyogik Prashikshan Kendra - Sultanpur,P,vill post semari mahmoodpur sultanpur up,,Sultanpur,Sultanpur,Uttar Pradesh,05362276222,phtpiti1230@gmail.com,8
PR09000286,Pt. Murlidhar Tripathi Private ITC - Sultanpur,P,PAYAGIPUR SULTANPUR,,Sultanpur,Sultanpur,Uttar Pradesh,9721455001,piti1338@gmail.com,14
PR09001106,Pt. Ram Charitra Mishra ITC - Sultanpur,P,PANDELA KADIPUR SULTANPUR,,Sultanpur,Sultanpur,Uttar Pradesh,9451558176,skmishra228145@gmail.com,55
PR09001152,R.D.S ITC - Sultanpur,P,LUCKNOW ROAD AMHAT SULTANPUR,,Sultanpur,Sultanpur,Uttar Pradesh,05362231114,rdsitc@gmail.com,57
PR09001108,R.K.D ITC - Sultanpur,P,VILLAGE JAMOLI POST KUREBHAR DISTRCIT SULTANPUR,,Sultanpur,Sultanpur,Uttar Pradesh,9454988433,skumar81sln@gmail.com,55
PR09000893,Ram Dutta Mishra ITC - Sultanpur,P,vill jogiveer ahimane sultanpur,,Sultanpur,Sultanpur,Uttar Pradesh,9415136719,rdmpiti1290@gmail.com,45
PR09001030,"Ram Milan Singh Private ITC Hansapur (PandeyBaba), Paraspatti - Sultanpur",P,"Hansapur (Pandey Baba), Post- Paraspatti, Distt- S",,Sultanpur,Sultanpur,Uttar Pradesh,05364267004,piti1324@gmail.com,51
PR09000905,Ram Pher Singh ITC - Sultanpur,P,"Vill- Dhakhapur, Post- Tamrsepur, Distt- Sultanpur",,Sultanpur,Sultanpur,Uttar Pradesh,8545038359,piti1148@gmail.com,45
PR09000978,Ram Pratap Shriram Private ITC - Sultanpur,P,GRAM KHEREE BABUGANJ POST BALLIPUR (DWARIKAGANJ) S,,Sultanpur,Sultanpur,Uttar Pradesh,9454293818,rpsrpvtiti@gmail.com,49
PR09000271,Shanti Seva ITC - Sultanpur,P,shanti seva iti pitamberpur loharamau sultanpur,,Sultanpur,Sultanpur,Uttar Pradesh,05362241723,dilip.mishra185@gmail.com,14
PR09001053,Shiv Radhey Shyam Singh Private ITC - Sultanpur,P,MEOPUR KADIPUR SULTANPUR,,Sultanpur,Sultanpur,Uttar Pradesh,9415878619,piti1331shard@gmail.com.in,53
PR09000160,Shri Ram Chandra Narayan ITI - Sultanpur,P,MADHAVPUR POST BAURAJAGDISHPUR SULTANPUR,,Sultanpur,Sultanpur,Uttar Pradesh,9415351409,rcnpiti@gmail.com,8
PR09000975,Shyam Narayan Private ITC - Sultanpur,P,TEDHUI RATANPUR SULTANPUR,,Sultanpur,Sultanpur,Uttar Pradesh,8004339525,snitirajnishmishra@gmail.com,49
PR09000701,Shyam Private ITC - Sultanpur,P,FULAUNA CHURAHA KUREBHAR DIST- SULATANPUR,,Sultanpur,Sultanpur,Uttar Pradesh,05362257256,ssingh2479@yahoo.com,36
PR09000453,Sri Baldev singh Private ITC - Sultanpur,P,VILL & POST- HALIYAPUR DISTT- SULTANPUR,,Sultanpur,Sultanpur,Uttar Pradesh,9415919137,ravindra.hlp@gmail.com,24
PR09000079,Sri Rajpati Singh Industrial Training Centre Deehdhaggupur - Sultanpur,P,VILL & POST DEEHDHAGGUPUR DIST SULTANPUR,,Sultanpur,Sultanpur,Uttar Pradesh,8604888688,srirsiti@gmail.com,5
PR09000516,Sri Ram Murat Sinigh Private ITC - Sultanpur,P,KALAN AKHANDNAGAR KADIPUR SULTANPUR,,Sultanpur,Sultanpur,Uttar Pradesh,9415878190,piti2025@webmail.com,27
PR09000986,Sultanpur Private ITC - Sultanpur,P,"No. 1 Rural Industrial Estate Laxmanpur, Sultanpur",,Sultanpur,Sultanpur,Uttar Pradesh,9839060210,sultanpuriti@gmail.com,49
PR09000821,Swantantra Sangram Senani Shri Shiv Kumar Pandey Memorial ITC - Sultanpur,P,"VILL+POST- BANI,DISTRICT- SULTAPUR",,Sultanpur,Sultanpur,Uttar Pradesh,9919557050,sssssiti@gmail.com,41
PR09000947,Techno Group of ITC - Sultanpur,P,VILL- RAWANIYA EAST POST ALIGANJ BAZAR DISTT-SULTA,,Sultanpur,Sultanpur,Uttar Pradesh,9452328555,piti1316@gmail.com,47
PR09001218,Techno I.T.I - Sultanpur,P,PANT STADIUM GATE SULTANPUR,,Sultanpur,Sultanpur,Uttar Pradesh,9452328555,piti1227@gmail.com,60
PR09000960,Yashita Private ITC - Sultanpur,P,GRAM AND POST BIRSINGHPUR TEHSHIL JAISINGHPUR SLN,,Sultanpur,Sultanpur,Uttar Pradesh,9554062023,yashitaiti1304@gmail.com,48
PR09001349,ram pati Devi Private ITC - Sultanpur,P,vill post jaysinghpur sultanpu,,Sultanpur,Sultanpur,Uttar Pradesh,05362258060,youa0563@gmail.com,67
PR09000152,Azad ITC - Unnao,P,AZAD NAGAR PEEPARKHERA UNNAO,,Unnao,Unnao,Uttar Pradesh,9415475206,azaditc1236@gmail.com,8
PR09001685,Dayanand Dinanath Private ITI - Unnao,P,"NH-25, LUCKNOW- KANPUR EXPRESSWAY, JAGDISHPUR, AJGA",,Unnao,Unnao,Uttar Pradesh,9565448844,director@mgui.in,78
PR09001236,Adarsh ITI - Varanasi,P,VILLAGE WAR POST KAZISARAI DIST VARANASI,,Varanasi,Varanasi,Uttar Pradesh,9935288029,drvivektripathi1969@gmail.com,61
PR09000585,Adarsh Rashtriya Audyogik Prashikshan Kendra ITC - Varanasi,P,"cholapur, varanasi",,Varanasi,Varanasi,Uttar Pradesh,9919101755,aritccholapur@rediffmail.com,30
PR09000710,Aishvarya Private ITC - Varanasi,P,"VILLAGE-TILANGA , POST-JAKKHINI , DISTRICT -VARANA",,Varanasi,Varanasi,Uttar Pradesh,9453180588,aishvaryiti@gmail.com,36
PR09000852,Anshika ITI - Varanasi,P,SALARPUR SARANATH VARANASI,,Varanasi,Varanasi,Uttar Pradesh,9889577797,anshikaitc@gmail.com,42
PR09001018,Asha Private ITC - Varanasi,P,"Near gas plant Babatpur, Varanasi",,Varanasi,Varanasi,Uttar Pradesh,9161500001,info@ashaiti.com,51
PR09000851,B.N. ITC - Varanasi,P,SALARPUR RASULGARH VARANASI,,Varanasi,Varanasi,Uttar Pradesh,9452824318,vniti10@gmail.com,42
PR09000168,Babu Harbansh Bahadur Singh ITC - Varanasi,P,"Jagdishpur, Katari, Cholapur, Varanasi",,Varanasi,Varanasi,Uttar Pradesh,9919101755,bhbitc@rediffmail.com,9
PR09000289,Babu Loknath Singh Private ITC - Varanasi,P,sankatha nagar colony lalpur,,Varanasi,Varanasi,Uttar Pradesh,7398267790,anand.sngh@yahoo.co.in,15
PR09001011,Babu Shonhu Private ITC - Varanasi,P,"GNESHPUR,KANDWAG ATE, D.L.W. VARANASI PINCODE-22100",,Varanasi,Varanasi,Uttar Pradesh,9415290254,surendraiti5@gmail.com,50
PR09000073,"DUX PRIAVTE ITI , MARUTI NAGAR, MADARWA RAMANA - VARANASI",P,maruti nagar madarwa samne ghat varanasi,,Varanasi,Varanasi,Uttar Pradesh,0522236948,duxitivaranasi@gmail.com,4
PR09000823,Dev ITC - Varanasi,P,kachnar rajatalab varanasi,,Varanasi,Varanasi,Uttar Pradesh,9044778042,devitibangalipur@gmail.com,41
PR09001143,Dewa ITC - Varanasi,P,belwababa soyepur,,Varanasi,Varanasi,Uttar Pradesh,9792124060,dewaiti2009@gmail.com,57
PR09000382,Gaurav Pvt. ITC - Varanasi,P,"GARATHAMA, VARANASI",,Varanasi,Varanasi,Uttar Pradesh,9415223360,gauravbiti2@gmail.com,20
PR09001230,Gaya Singh ITC - Varanasi,P,BARNI HATHI BAZAR VARANASI,,Varanasi,Varanasi,Uttar Pradesh,9598743891,gayasinghiti98@gmail.com,61
PU09001855,"Gramodaya Private ITC , Kumharpura Pulwaria Sadar, Varanasi",P,"Kumharpura,Phulwaria, Varanasi,Cantt 221106(UP)",221106,Varanasi,Varanasi,Uttar Pradesh,9415265016,amareshvns@hotmail.com,92
PR09000239,Gramya Bharti ITC - Varanasi,P,VI-RAMNA PO-BHU,,Varanasi,Varanasi,Uttar Pradesh,9415266548,satishchandrarai66@gmail.com,12
PR09001857,"J.S. Private ITI , Kherawan, Sadhoganj, Varanasi",P,"js pvt iti,vill-kherawan post-badagoan dist- varana",,Varanasi,Varanasi,Uttar Pradesh,9415371628,jsitc.ppl@rediffmail.com,85
PR09000085,"J.S. pvt. Industrial Training Institute,Palhipatti , Varanasi - Varanasi",P,"js Pvt. iti Palhipatti,Varanasi(u.p. )",,Varanasi,Varanasi,Uttar Pradesh,9415371628,piti1655@updte.org,5
PR09001105,K.D.S. ITC - Varanasi,P,Salarpur Rasulgarh Sarnath Varanasi,,Varanasi,Varanasi,Uttar Pradesh,8423926608,kdsitc09@gmail.com,55
PR09001068,Lilawati Private ITC - Varanasi,P,"BABATPUR ROAD PREM NAGAR BHOPAPUR, VARANASI",,Varanasi,Varanasi,Uttar Pradesh,8869999982,piti1906@gmail.com,53
PR09001171,M.P National ITC - Varanasi,P,"LAKHANPUR, CHOLAPUR, VARANASI.",,Varanasi,Varanasi,Uttar Pradesh,7080307732,m.p.nationaliti@gmail.com,58
PR09001392,M.P.Memorial Private ITC - Varanasi,P,M.P.Memorial Private ITC - Varanasi,,Varanasi,Varanasi,Uttar Pradesh,054222300168,awadeshsingh2011@gmail.com,69
PR09001004,M.S. Pvt. ITI - Varanasi,P,"LOHATA,VARANASI",,Varanasi,Varanasi,Uttar Pradesh,9415268301,msitc.varanasi@rediffmail.com,50
PR09000626,Maa Vindhyavasini Private ITC - Varanasi,P,NAIPURAKALA DAAFI VARANASI,,Varanasi,Varanasi,Uttar Pradesh,9415820455,mviti_vns@yahoo.com,32
PR09001424,Manju Srivastava Private ITC - Varanasi,P,Indrapur Shivpur Varanasi,,Varanasi,Varanasi,Uttar Pradesh,9389508988,msiti.vns@gmail.com,71
PR09001281,Manni Devi Shayam Lal ITC - Varanasi,P,PAHARI (D.L.W)ROHANIYA VARANASI,,Varanasi,Varanasi,Uttar Pradesh,9026643969,mspiti1800@gmail.com,63
PR09001107,Markandey ITC - Varanasi,P,VILL & PO- CHAUBEYPUR DIST- VARANASI PIN- 221104,221104,Varanasi,Varanasi,Uttar Pradesh,9935591011,markandeyiti@gmail.com,55
PR09000529,Moolchandra Private ITC - Varanasi,P,"VILL- BIRBHANPUR,RAJATALA B,VARANASI",,Varanasi,Varanasi,Uttar Pradesh,8009021303,moolchanditi_2197@yahoo.com,28
PR09001280,Nalanda Vocational Training Centre - Varanasi,P,ashapur balua road varanasi,,Varanasi,Varanasi,Uttar Pradesh,8858474013,opsingh.sai@gmail.com,63
PR09000579,Nandan Industrial Training Institute Birbhanpur - Varanasi,P,VILL.- BEERBHANPUR POST- RAJATALAB DIST.- VARANASI,,Varanasi,Varanasi,Uttar Pradesh,9839041545,nandaniti1630@yahoo.com,30
PR09000344,P.D. Group of Private ITC - Varanasi,P,"Pahadiya,Narapatpur Dist.- Varanasi",,Varanasi,Varanasi,Uttar Pradesh,9628686988,pdgroupiti@gmail.com,18
PR09001226,P.D. Pvt. ITI - Varanasi,P,"NARPATPUR, VARANASI",,Varanasi,Varanasi,Uttar Pradesh,9628686988,pditivns@gmail.com,60
PR09000914,Premlata ITC - Varanasi,P,ADARSH NAGAR KONIYA VARANASI,,Varanasi,Varanasi,Uttar Pradesh,9415304039,premlata.iti.vns@gmail.com,46
PR09000203,Purvachal Industrial Training Centre - Varanasi,P,KAITHOLI BABATPUR VARANASI,,Varanasi,Varanasi,Uttar Pradesh,9415622431,purvanchal1634@gmail.com,10
PR09000183,R.D. ITC - Varanasi,P,"HARIBHANPUR,KALIKAB ARA,VARANASI",,Varanasi,Varanasi,Uttar Pradesh,8115908060,rditc1708@rediffmail.com,9
PR09001270,R.M.S. ITC - Varanasi,P,TILMAPUR ASHAPUR VARANASI,,Varanasi,Varanasi,Uttar Pradesh,9452347523,rmsiti1791@gmail.com,62
PR09000298,R.N. Private ITC - Varanasi,P,"BELWA, VARANASI",,Varanasi,Varanasi,Uttar Pradesh,9956678048,rn-itc@hotmail.co.in,15
PR09001005,R.S. Pvt. ITI - Varanasi,P,"DANDUPUR,CHANDMA RI,VARANASI",,Varanasi,Varanasi,Uttar Pradesh,9935027049,rsitc.varanasi@rediffmail.com,50
PR09000580,RAJATALAB PVT. ITI RAJATALAB- VARANASI () - Varanasi,P,"VILL-KACHNAR, POST- RAJATALAB, DIST- VARANASI",,Varanasi,Varanasi,Uttar Pradesh,9415869852,ritc2010@rediffmail.com,30
PR09000427,Raj Pati Shukla Private ITC - Varanasi,P,"tarna ganeshpur, varanasi",,Varanasi,Varanasi,Uttar Pradesh,07081887574,drjpshukla56@gmail.com,22
PR09001426,Rama Private ITC - Varanasi,P,"VILL- CHURAMANPUR, PO- BHULLANPUR, DIST- VARANASI",,Varanasi,Varanasi,Uttar Pradesh,9369332377,verma7868@gmail.com,71
PR09001015,Ramdev Private ITC - Varanasi,P,"VILL- SARAVANPUR,POST- KORAUT,VARANASI",,Varanasi,Varanasi,Uttar Pradesh,9956762155,ramdeviti@gmail.com,51
PR09001765,"Rammurti Smarkak ITI , TIKRI, Varanasi",P,Tikari Varanasi,,Varanasi,Varanasi,Uttar Pradesh,9795924346,amituptu007@rediffmail.com,81
PR09000854,Red Rose ITC - Varanasi,P,S-2/44 ordely bazar varanasi,,Varanasi,Varanasi,Uttar Pradesh,9235723608,gyan7421@gmail.com,43
PR09001239,S.R. ITC - Varanasi,P,"BAIJALPATTI, HARAHUA , VARANASI",,Varanasi,Varanasi,Uttar Pradesh,9415622455,rachna2151@gmail.com,61
GR09000314,Sant Kabir Private ITC - Varanasi,P,"Sant Kabir ITI, Salarpur, Rasulgarh,Varanasi",,Varanasi,Varanasi,Uttar Pradesh,7376470615,skiti1935@gmail.com,1
PR09000449,Sant Sai Private ITC - Varanasi,P,"bazardeeha,mahmoorg anj,varanasi,(u.p.)",,Varanasi,Varanasi,Uttar Pradesh,9807180666,radhe786786.dr@gmail.com,24
PR09000483,Santushti Private ITC - Varanasi,P,N-8/180-K-1-G NEWADA SUNDERPUR VARANASI,,Varanasi,Varanasi,Uttar Pradesh,9935308884,santushti.intitute@gmail.com,25
PR09000932,Saraswati Pvt. ITI - Varanasi,P,"CHHAHIN, SARNATH, VARANASI",,Varanasi,Varanasi,Uttar Pradesh,9415295018,sitc.iti@gmail.com,46
PR09001758,"Sardar Vallabhbhai Patel Private ITI , Bangalipur, Rajatalab, Varanasi",P,"BANGALIPUR,RAJATALA B,VARANASI",,Varanasi,Varanasi,Uttar Pradesh,9451328072,harisaran371@gmail.com,81
PR09001342,Sarnath ITC - Varanasi,P,CHIRAIGAON BALUA ROAD VARANASI,,Varanasi,Varanasi,Uttar Pradesh,9648592680,kishansharma507@gmail.com,66
PR09001444,Sarnath Private ITC - Varanasi,P,"MADHUBAN NAGAR COLONY,PHASE 1,BARAIPUR,SHAKTIPIT H,",,Varanasi,Varanasi,Uttar Pradesh,8090529258,sarnathpiti2207@gmail.com,72
PR09000862,Satya Narayan Singh ITC - Varanasi,P,VILLAGE GAUR POST MIRZAMURAD DIST VARANASI,,Varanasi,Varanasi,Uttar Pradesh,9838160133,pravinsns25@gmail.com,43
PR09000827,Shambhoo Nath Singh ITC - Varanasi,P,VILL- DHARSAUNA POST- CHOLAPUR DISTT- VARANASI,,Varanasi,Varanasi,Uttar Pradesh,9450251229,snsinghiti@gmail.com,41
PR09001447,Sharda Private ITC - Varanasi,P,"Village- Chahin, Post- Chaubepur, District- Varana",,Varanasi,Varanasi,Uttar Pradesh,9918812424,shardapvt@gmail.com,72
PR09001698,"Shivakant Private ITC, - Varanasi",P,"DELANA, KASHIPUR ROHANIYA, VARANASI",,Varanasi,Varanasi,Uttar Pradesh,9415397409,shivakantinstitute@gmail.com,78
PR09000437,Shri Aditya Narayan Singh Private ITC - Varanasi,P,dharsaunacholapuvaran asi,,Varanasi,Varanasi,Uttar Pradesh,9451587841,piti2192@gmail.com,23
PR09001401,Shri Krishna Private ITC - Varanasi,P,"SARAULI CANTT, VARANASI",,Varanasi,Varanasi,Uttar Pradesh,9415290786,krishnay440@gmail.com,70
PR09001673,Shri Rajnarayan Private ITC - Varanasi,P,Shri Rajnarayan Private ITC - Varanasi,,Varanasi,Varanasi,Uttar Pradesh,9451886576,lnpandey07@gmail.com,77
PR09001652,"Siddharth Pvt. Industrial Training Institute Palhipatti, Varanasi - Varanasi",P,"Siddharth ITI Palhipatti,Varanasi(U.P. )",,Varanasi,Varanasi,Uttar Pradesh,9415371628,piti1829@updte.org,76
PR09001158,Smriti Pvt. ITI - Varanasi,P,"JALHUPUR,VARANASI",,Varanasi,Varanasi,Uttar Pradesh,9935027049,smritiitc.varanasi@rediffmail.com,58
PR09000188,Sri Shiv Das ITC - Varanasi,P,bachchaon varanasi,,Varanasi,Varanasi,Uttar Pradesh,8957634406,abhishek_371@yahoo.com,10
PR09001285,Sunshine ITC - Varanasi,P,Chaubeypur-Varanasi,,Varanasi,Varanasi,Uttar Pradesh,9919002141,sunshineiti1803@rediffmail.com,63
GR09001184,The IETE Private ITI - Varanasi,P,"248, Maheshpur,Industrial Area Post : Industrial",,Varanasi,Varanasi,Uttar Pradesh,9454234449,ietevaranasi@rediffmail.com,1
PR09000884,V.B.S. Memoiral ITC - Varanasi,P,"mirzamurad, varanasi",,Varanasi,Varanasi,Uttar Pradesh,9454729148,sanjay01mishravbs@gmail.com,44
PR09001448,Vaani National Private ITC - Varanasi,P,"Bairwan, Gangapur, Varanasi",,Varanasi,Varanasi,Uttar Pradesh,9807123911,rekha_vns@rediffmail.com,72
PR09000882,Yogiraj Dhayananand ITC - Varanasi,P,Vill- Puredhurshah Post- Niyar Distt- Varanasi,,Varanasi,Varanasi,Uttar Pradesh,9451138637,ygrajitc@gmail.com,44
